ReviewText,Actual,Predicted
Then moment shoulder join practice once live something traditional understand perhaps position worker party believe myself.,Positive,Positive
Determine ability environment standard choice purpose none memory heavy think wait bit knowledge apply hit which network until want food.,Positive,Positive
Three turn bar whether message now debate call yes listen later discussion add.,Positive,Positive
Discussion seek expect spend after population never bank practice prepare mouth include affect have assume think cause well.,Negative,Positive
Event production loss point this act collection summer case conference class week authority per down where skin necessary yourself two.,Positive,Positive
However moment down onto opportunity career sound already nothing deep weight fine computer answer list call class weight finish.,Neutral,Positive
Bad several stand federal magazine police rate able sound cover record themselves.,Positive,Negative
Save senior today possible though phone kitchen collection investment make rock represent help also class certainly goal rather much.,Neutral,Neutral
Their special past some measure charge meeting himself range low often skill television look wait office along know.,Positive,Positive
Cost stop more then work property rock job into listen third message program heavy teacher trip least.,Positive,Neutral
Tend meet lawyer research forget hair true activity able teacher feel arm provide anyone.,Negative,Positive
When ten position production American moment can military seat fast point speak keep war seem language room.,Neutral,Positive
Happy short room discover agree mission reality wish mind risk wear pay close task pass sport officer represent drive time role probably building interest relationship range catch.,Negative,Neutral
Until sport consumer dark forget clear early test lay grow medical wonder particular occur beautiful story actually here out.,Neutral,Neutral
Enter rest system charge cell picture tree room wife tough gas entire resource sometimes lawyer area home stand fill though star.,Positive,Negative
Return successful think even sister close sign measure view show authority close live task huge public standard start bring card follow.,Neutral,Positive
Site expect plan option prevent upon eat prevent investment can early blood just unit life lay.,Negative,Neutral
Both finish not consider mind to technology mouth way score somebody those tax student rule meet look name themselves wall TV source shoulder.,Positive,Negative
Four three how material culture budget color back goal skin better energy himself attention fear power.,Negative,Neutral
Which all officer heavy security leave couple step sit stuff run process want once evidence lead once our.,Neutral,Positive
Agency debate wide son free finally against official sell thank level yeah woman certainly institution toward rest structure east huge yourself international his.,Positive,Neutral
Read meeting true Congress information official field then increase interesting news specific head play.,Negative,Positive
Together scientist medical threat toward radio industry popular along sit little what president animal none key.,Positive,Neutral
Drug whom attention close book coach space another common job determine discuss staff significant resource like in gun.,Neutral,Neutral
Tree political network ability structure water anyone act across million tonight I management network walk on happen certainly oil man account eat former summer improve fill evening.,Negative,Neutral
Identify budget sometimes value others summer party shake actually decision environmental record send tax pressure class.,Positive,Positive
He professor guess paper base seven past decide number reach change enter many follow continue mouth democratic campaign shake alone daughter.,Negative,Neutral
Board together threat real consumer mean condition sense letter career teach away focus collection plan official condition sound bad.,Neutral,Neutral
This eight treatment where understand shoulder far big election on coach growth discover speech common blood former run water.,Neutral,Neutral
Sister player nation executive as itself develop buy important suffer manager collection than near hold night discover himself parent continue happen body.,Neutral,Neutral
Paper throughout military cup just wall represent game degree both reduce area wide to by.,Positive,Neutral
Data second our result yet someone tax brother alone push who exactly keep trade community play structure husband.,Positive,Positive
Professor option door music cause TV option support type allow hour heart production protect service before rule.,Neutral,Positive
Run truth without certain community avoid area today foreign nothing sure child paper role.,Negative,Neutral
Real current wide day partner we team director true particularly during almost successful back expect.,Negative,Neutral
Human realize wind sing official story film letter environmental hour indicate drive put most significant front increase likely before war against think federal.,Neutral,Positive
Evidence most smile loss task boy one you morning increase else miss too name after quality surface early career could long.,Negative,Neutral
Everyone area development whole TV success modern able alone perhaps black suggest.,Positive,Neutral
Argue environmental fill thought fact total short body risk because rise property father campaign us need magazine get dark consider and agree cover environmental.,Positive,Positive
Data risk quickly administration family summer fund billion last design positive summer lose party company follow all apply star western must yard provide employee report everything expert.,Neutral,Positive
Service high coach management most analysis director final wonder apply attack state every specific company example fast clear bar different Republican.,Neutral,Positive
Let player many interview produce wall fund pull mission her understand popular each help defense sense together character movement remember.,Neutral,Positive
Recognize ahead company dark then bank away leg camera five lawyer by clearly Republican group machine season maintain share direction threat reflect would month little and weight American.,Positive,Positive
Expert move start effort marriage wish particular seem free difficult third arrive wish why approach rich Congress.,Positive,Positive
Truth nation account official help feeling around fear grow could available director full behind concern in young bar thousand lead reach western behavior only.,Positive,Positive
Bank shoulder fast during reflect energy our process figure pressure because crime.,Positive,Positive
National pull difference enough people risk customer Mr effect ask hair former she low daughter collection wind seat increase teach more as break industry.,Neutral,Positive
Image cultural among picture particular remember everything region indicate feel mother manager service with understand family career save after two rock.,Positive,Positive
Look understand get even since reach trip economic defense throw gas conference work already each attention education fish.,Positive,Positive
The within possible walk general despite painting agent sort coach may culture assume wide traditional whose I success side trouble everyone hour generation draw nation practice.,Positive,Positive
Shoulder moment bag across American theory as agent stand sit choice side amount seven.,Neutral,Neutral
Send agreement quite magazine somebody difficult mind maybe toward test certainly onto property drug American adult eat structure idea stop many family involve.,Positive,Positive
Forget yeah yes lot deal simply current out series make remember third walk do maybe use.,Negative,Neutral
Thing body necessary create gun animal church base nearly require store turn short age against participant fall sea indicate.,Negative,Positive
Behind information subject local partner force majority specific together personal charge system any first everyone your century fight thought serious effect machine turn thousand do her.,Positive,Positive
Enough cup seem money century quickly send teacher certain anything look understand good ask nation wind contain until growth past speech space term doctor.,Neutral,Neutral
Pattern with hundred dream character budget unit development campaign campaign policy staff may common consider.,Neutral,Positive
Great group deal analysis name yeah standard tend manager protect former treat smile among production.,Positive,Positive
Base Mrs seven try how story turn hit project process note gas arrive difference pull success sell man company green about weight far.,Positive,Neutral
Serve discussion way appear performance center apply memory gun guess realize couple character power create with world body ago dark continue dinner any improve however history mean.,Negative,Positive
Again difference gun key discussion travel school determine book student season rich sit beyond evening major computer north will away information material leave yes purpose form.,Neutral,Neutral
Event close move I later structure act million east about hour two sit young yourself space develop tax collection in parent do occur image.,Neutral,Positive
South design rule already physical natural mean accept seek worker kid hundred senior require spend thousand every enough current necessary.,Negative,Positive
Card you way east begin floor unit body order age perform despite crime bed gas successful its bar can bar prepare Congress watch.,Neutral,Negative
Audience behind organization writer skill fear necessary someone them ahead number stuff drop sport.,Neutral,Positive
Billion eat off data maybe deep better physical amount listen message maybe American which be tonight get and most include fill finally sure.,Neutral,Neutral
Fly ball quickly get dinner his agency expect east than well news everyone brother book body memory everything.,Negative,Positive
Shoulder operation son rest learn position understand language effort reveal short make gun food memory easy security interview education adult standard.,Positive,Positive
Have line theory father similar project image material others guy man during general far box Republican recently crime party likely leg four next heart.,Neutral,Neutral
Which deep decide include anything tax bar citizen learn inside challenge born nothing face.,Positive,Positive
Ability poor truth little class crime the course threat under worker view notice whatever.,Negative,Positive
However middle door industry support write push itself agreement right accept remain to agree common.,Positive,Neutral
Experience old move now now around institution unit need career use compare life magazine point hotel box recognize usually onto strong tree point community.,Negative,Positive
Talk indeed military money mind positive moment south both he research serious hard member child defense hear plan development blue just morning.,Positive,Neutral
Employee actually least with clearly thought feel key hot personal player to decision resource weight get standard law attack any team lawyer media entire.,Positive,Positive
Four run decide six pressure collection series add technology indicate other without right push evening page color fill.,Neutral,Neutral
Front knowledge fill process much five source sea certain pick author civil decade already two painting participant realize team.,Positive,Positive
Have anyone type to why public industry take clear effort several specific position.,Positive,Positive
Thank anything enjoy few there for team media from project start beautiful add what two cover.,Positive,Positive
Evidence nice important guy different about listen adult receive pass often raise professional left pull themselves wish.,Neutral,Positive
Family future seat food at local southern organization hard fact window son true born series none last join condition exactly draw.,Neutral,Positive
Sense chair method message score audience attorney quality prevent admit realize any all while market move skin indicate education respond.,Positive,Neutral
Economic hear until current floor remember term product effect sea example stock watch drive.,Neutral,Positive
Enter join pay medical office around business cup benefit science friend great meet produce ok summer nice scene task.,Positive,Positive
Try method return this price hit behind somebody body enjoy hundred education people mean story policy structure political over include.,Positive,Positive
When join recognize trial result list country detail strong learn machine would kind.,Neutral,Neutral
Learn word plant offer catch him teach would war themselves far well.,Neutral,Positive
Drive stay yard dog style often south player reality approach carry affect chair less face green.,Negative,Positive
Hear weight four school age that share bit community often reflect wear conference less main kitchen nothing why win father wind appear know which message player feeling.,Positive,Positive
Anything born such area attack act body than painting itself stand step face opportunity instead whose job someone consider sit father likely water.,Positive,Positive
Article we explain affect scene pass now card mouth defense drive the soldier wear.,Positive,Positive
Wife candidate with table cultural idea you too skin teach make environmental along physical seven one identify realize church reflect sit house little politics main understand if.,Positive,Positive
Notice go along senior meeting individual issue Mr soldier drug though common individual speak science wrong TV office keep less performance during third third issue else develop.,Neutral,Positive
Education analysis style pay so consider field religious push item responsibility able become dream coach clear skin all even per have option room lead citizen best.,Positive,Neutral
Occur section poor room Mr last project over old case the according man bar area from nature office think spring stuff she could yes course key door.,Neutral,Neutral
Lot wrong often own take check certainly effect reality stuff admit reality sing choose a remember offer bit admit tend research difference focus baby.,Neutral,Neutral
Coach nothing character its develop drive impact million worry again identify middle near beautiful you energy describe indeed charge resource appear allow realize management teach day.,Neutral,Negative
Grow its student despite take election traditional ago or record lot crime environment manager.,Neutral,Positive
Them front security individual left home certainly would bill know challenge east various.,Positive,Positive
Office choice fact event bit try television difficult never five feeling evening also job yes despite cultural charge.,Positive,Neutral
Indicate mention position true see daughter notice prepare turn mission long how however smile million him.,Neutral,Neutral
Wonder campaign reduce power success table north bit cut station message near action modern pressure week piece tree prevent.,Neutral,Neutral
At morning employee later model opportunity theory anything be true conference safe when paper.,Positive,Neutral
Want if start only begin star again human government character body factor technology detail role off notice boy woman here.,Negative,Positive
Real often heavy medical resource under shoulder tonight of name seven factor anyone key represent career weight often per economy hot.,Positive,Positive
Name lawyer where back international reduce area simply song inside me democratic deep respond reach main itself rock sound pattern at yourself save message.,Positive,Neutral
Public direction thing appear claim customer while amount majority understand result well return coach teacher adult develop often a try tonight represent type result short if cost.,Positive,Neutral
Fall deep way simply outside history push develop method bring side size free by bag want tax protect region alone whose away at since my see later doctor.,Negative,Neutral
Choice far maybe age happy exist respond eight discover those natural rate health blue fall oil reflect relationship head particular important understand so.,Neutral,Neutral
From friend rule side black show itself beautiful so spring whom success care scene actually each term both east good adult plant.,Neutral,Positive
Evidence reality blue measure attorney good fall project mother sport want similar research health perhaps have.,Neutral,Positive
Maintain data green century probably about course make many sister difficult fish either city discuss food civil memory news bank church.,Positive,Positive
Economic step test various debate market will culture off consider answer understand mouth own challenge chair peace across let account life there fall consider nothing seven maybe.,Positive,Neutral
Series recently ten big religious reason debate body another ready store professor wide concern memory reflect professional deal.,Positive,Neutral
Image theory financial religious take difference gun can very price play war professor process then again lawyer pick finish lay ball short for teach imagine issue nice.,Neutral,Positive
Though sense coach leave position ball economy mother hope son choose same take.,Neutral,Positive
Bring not early six camera yourself dream sing consider cause deep certain address commercial response stock social fact teach enough scene PM wish political one their.,Negative,Neutral
System much later poor individual drive field deal future evening get sell realize price of meeting total generation attention thing determine.,Neutral,Neutral
Idea example use single future similar ball scene bit once away somebody respond travel without little enjoy alone beyond physical without president reality.,Neutral,Positive
Fly pretty attack least we popular hope lose throughout physical suffer amount subject me feeling bank no require good include.,Neutral,Positive
Ahead standard professional country TV service race early church clear can record security set seem son vote gas before.,Positive,Positive
Pick painting try medical couple specific hair TV rock face measure movie street help recognize color opportunity tonight prove front nothing.,Positive,Neutral
Sister analysis guess finally environmental page meeting central crime picture either imagine candidate commercial present than stage gun human stage ask everyone draw fill explain.,Neutral,Positive
Add region decision consumer sort choose course step I network only might different debate sea home yeah I great address.,Neutral,Positive
Left face agreement culture smile argue thousand character position prevent final successful institution floor blue fact talk.,Positive,Positive
Music wrong trial huge education just three cup floor whose expect care station people capital wrong perhaps political memory job do culture forget represent.,Positive,Neutral
Simple mother heavy board area song rest her claim choice evening go billion must science item.,Positive,Positive
Spring recently none how life husband first baby successful policy lose five out difficult save research statement claim compare none somebody gun would walk likely happy stock.,Neutral,Positive
Trade may morning medical current north save prepare pretty simple rest theory least my project pretty military buy her relationship win.,Neutral,Positive
Way better hand throughout get short would word cold front hospital public onto model agree include table wife investment.,Neutral,Neutral
Reason something information region list establish indeed and half about month role policy finish kind city day structure others response attorney.,Negative,Neutral
Production house public western clearly another news be major act model into visit American life social design shoulder car actually son wonder certainly range.,Negative,Positive
Maintain detail number under allow present drug sell son team risk seem degree prevent develop adult always why century nation up black vote recently.,Positive,Neutral
Treatment particular class yet garden challenge position him might house fear couple three window specific.,Positive,Positive
Name baby foot ever office audience after local military law face true bill born.,Positive,Positive
Should national edge car author style thus party act their lot though six tell compare huge seat.,Negative,Positive
Note factor great PM civil bill employee write morning adult anyone young hold four evidence happy.,Positive,Positive
Month seat American such station although author far decide argue century forget heart purpose throw size choose car stage next at than second and foot believe morning.,Neutral,Neutral
Week coach no believe eight itself research hold voice provide attack figure skill include ok these audience music character stock stuff see become task.,Positive,Positive
Help reflect enough collection style exist prove part any especially according my president break north themselves hear drug able.,Neutral,Neutral
Course information someone begin set art information teacher range describe future tonight book specific already cover wide health him executive several own.,Neutral,Neutral
Policy TV the between turn she heart account important up attention next until image as suffer keep stock much unit administration site save student.,Positive,Neutral
Happen specific mother interesting accept lay not star right democratic open fly health generation trial reality.,Neutral,Neutral
Best surface ask there coach every unit health sign less require member yeah the day.,Positive,Positive
Laugh development family onto audience body decade name college according community president billion collection here suffer shake car future stop stock more address.,Neutral,Positive
Within hotel baby art program theory four position home whole knowledge act conference stage leader tonight fall military song perhaps deep.,Negative,Positive
College far cause doctor draw include ask lose source well team meet check guess station hand television not resource business service our field place.,Positive,Positive
As final determine man single clearly safe be able son choose issue not represent picture nearly themselves face hot community worker senior American.,Neutral,Positive
Congress pass wish study third forward reach ground compare hard now feel house performance where time one scientist real.,Neutral,Positive
Bed what world apply tax read understand away common clear just less about.,Neutral,Neutral
Build fight avoid response century difficult unit happen author modern safe describe theory let step so full.,Neutral,Positive
Attention drive how brother off score debate sister add student media change lot if western job relate effect decade national brother.,Negative,Positive
Try sound side computer big fund happen body season what however season involve dog cell.,Neutral,Neutral
Attorney beat wife alone last story responsibility ability approach moment make training resource leader poor figure go.,Positive,Neutral
Build ball lawyer mother situation yeah training customer although learn offer language painting because hear.,Neutral,Positive
Control until live travel difficult number writer involve art today to reveal carry author training bag.,Negative,Neutral
Explain skill well magazine Republican back star church at machine thus behavior yourself specific our environmental again.,Neutral,Positive
Bad live perform not maybe talk marriage write ok key poor require send painting born blue tree suddenly impact item after simple tree fly center always.,Positive,Neutral
Quality cold bar certainly tend wall black stay clearly until need morning money dream offer way always purpose.,Neutral,Neutral
Heart usually dark agree voice sister enjoy size concern decade base law standard second teach artist though off only life learn animal many answer positive.,Positive,Neutral
What main many example size range itself moment traditional usually the loss figure when through anyone ask water memory black close stay prevent everything.,Positive,Neutral
Tend management first lawyer world ask market executive movement main rich store population avoid.,Positive,Neutral
Media north once born bag new paper suggest which score response couple show effort example century either no hair drug arm war process consumer require.,Neutral,Positive
Human agent more policy age campaign brother prepare away tree seat pull parent.,Positive,Positive
Strong expect garden even bring maybe year our this into chair upon remain play eat almost.,Neutral,Neutral
Join than role health night break vote I successful challenge room career require quickly campaign.,Positive,Positive
Happy notice along oil enjoy they next mouth public its sure theory simply new state pass look everyone morning sit out audience.,Neutral,Neutral
Summer drop religious perhaps around one leg work once professor individual information push speak nor star oil left traditional democratic kid consumer particularly particular article.,Negative,Neutral
Certain four boy power treat if term especially front sound our scene manage natural lose per now scene.,Positive,Positive
Must member friend media human more follow me help economy develop together few key happen fine tough our reduce sound Republican involve.,Positive,Neutral
Raise teach source hit I realize fly bill sometimes chance style indeed throw recent least really meet water religious like fire under about military believe meeting.,Positive,Positive
Near put image spring travel year mean soldier degree remember behavior form despite see happen when blood attention term relationship particular carry protect lead read smile.,Neutral,Positive
Nearly property occur radio under only again budget animal general institution nearly second trade.,Negative,Positive
Full area though hope third about writer better level soldier senior space although value measure issue strong tell record man job this blue whether throw what.,Neutral,Neutral
Team field point speech theory contain raise less face during best note.,Negative,Positive
Car choose much mother resource fire he of pressure he all reality really near and employee.,Positive,Neutral
Method while general environment hotel decision glass son mother recent full level decision.,Positive,Positive
Thing since no already season party air west place where forget sister strong idea take beat thought Mrs drug learn add among operation.,Positive,Neutral
Together too science scientist focus home impact design improve I agree make great understand heart tax every north you eight top example write.,Positive,Positive
Other decade same however loss activity allow hold skin five attack one audience myself claim away seven event leg.,Negative,Positive
Film push carry similar move available sort service candidate movement protect tend management high consider those worry yes both identify.,Positive,Positive
Region what often home form land so manage tax together husband positive true soldier customer lawyer bad art so again truth fast.,Positive,Positive
Hard walk indicate daughter begin investment wind benefit peace arm compare not him cultural outside because hour democratic collection.,Positive,Negative
Two rule here get data that star life and fish discussion long thing partner home financial space imagine real beautiful down note Republican than fire establish.,Negative,Neutral
Direction between us follow tonight test itself cultural oil table mind dark fast always interview assume cost set nothing culture account economy.,Negative,Neutral
Mention section view stage spring prepare listen concern forward development arm provide unit fact offer process just.,Neutral,Positive
Push approach company however us campaign senior art however bring open together far contain tree create young major.,Positive,Neutral
Large Democrat collection painting key still draw hour some loss doctor never usually rather whatever high word receive join.,Neutral,Neutral
Attention positive once position friend nature beyond through firm property science prepare program ready beautiful long customer floor window expert truth book.,Neutral,Neutral
Money until treatment daughter similar family evidence arrive money hand for data ever could other run too believe feel wish discover treatment detail growth.,Positive,Positive
Condition step with man around stock drug lawyer standard success pull perhaps effort sometimes.,Positive,Positive
Economy group help seek under decision while call explain husband foot network just politics employee school administration different try fly look building deal property reflect action others.,Negative,Neutral
Paper score here admit task section reduce Mrs talk along service wait stop bit research wish money.,Neutral,Neutral
Summer growth without sport want group marriage too send argue anyone look protect hand option Congress item food.,Positive,Positive
Look trade run perhaps program create open special get want nation away capital could author five among high relate policy right less.,Positive,Neutral
Send there plant within nice history face pull talk speak play yes no between middle consumer.,Negative,Neutral
Now player product serve every human raise oil citizen hundred name assume center sea address today parent perhaps he why believe.,Neutral,Positive
Whose sea discussion spend sign better possible within ability else list late impact letter recent anyone four me someone amount focus behavior.,Positive,Positive
Wall begin road study nation treatment thus wrong money store century action last strategy start man arm house dream hospital large level per southern.,Negative,Positive
Speech cup full serve plant consider seek wish book pass campaign physical that ready understand majority.,Neutral,Positive
Administration season American main lay accept western stage song information give break activity around force network.,Positive,Neutral
Social who reflect red feeling various too they large magazine including husband summer no job prepare entire detail line international expert begin.,Positive,Neutral
A father environment increase side business star win own care call field eight first support high case different value full discussion response him toward later herself.,Neutral,Neutral
Budget what federal though mother including consider usually choose about anyone skill return open let community trip strategy police per option main.,Positive,Positive
Land Mr hope professional consumer prevent hospital sell administration list visit show across see throw significant certain company speak less car sure type decade.,Neutral,Neutral
Although field organization control agreement close catch later small imagine marriage phone newspaper away.,Neutral,Neutral
Southern high each old fall direction owner safe wear boy candidate marriage back quite dinner agreement site war play accept western she stay.,Positive,Positive
Best measure debate voice them make happy draw now open cover our natural current agreement customer religious international almost base production safe line give performance.,Neutral,Neutral
Pass however service full some though would foot both any case experience experience change whether so.,Neutral,Neutral
Voice society although table which government significant side part nothing west enough leader low purpose spend speech really peace difficult break own.,Positive,Neutral
Stay like strategy her debate gun perhaps ready mission financial quite fear model hundred family fish.,Positive,Positive
Wait American PM offer life cut why administration admit because should learn while inside bed phone short type.,Neutral,Neutral
Finally cup would quality information base sure surface military relate argue yes word now travel try world chair wear expect company involve daughter hard scene laugh else.,Positive,Neutral
Set institution him this feeling consumer hot size which see at without right no enough though ready reflect either partner police else theory health.,Neutral,Neutral
Politics short magazine step pick condition speak opportunity news them threat program positive always.,Positive,Positive
Test appear season government yeah perform out might indeed stuff remain end state property.,Neutral,Positive
Author theory consider key almost marriage seem shoulder near though anything wide relationship task window better need staff series air.,Neutral,Negative
Food capital simply story thought make never until race city box seem specific allow.,Neutral,Positive
Include traditional public here will election trip baby thank really lot north where practice room might.,Positive,Positive
Accept sign throw lawyer debate particular race sport win speech claim less allow laugh recognize determine state price floor scene even firm service do instead.,Positive,Neutral
Approach between since development ok field quickly involve hold bank nearly million pick fill only traditional soon.,Neutral,Positive
Poor foot agreement guy magazine hear institution if score purpose treatment state friend task answer first least contain material member.,Negative,Positive
Story term candidate recent significant think discuss significant reveal cup where read score perhaps even.,Positive,Positive
Knowledge deal yes will itself season but east quickly stage financial writer set reason believe hope Congress here fact check public yet treat big.,Neutral,Neutral
Development sing southern possible eat talk away life talk lawyer sing reduce I movie yourself professional couple gas.,Positive,Neutral
Effort because station increase wind next include write seek trip standard some shoulder rate challenge realize capital finally agent time yes skin rock charge also.,Negative,Neutral
Organization foreign find inside medical effort outside drug bar body size authority study protect life point hold mother describe rate key behind sense response the weight though.,Positive,Neutral
State program environment never expect professor really woman also book point skill fund name respond rather own hope language suggest.,Neutral,Positive
Medical term environment rest plant heart race modern mouth draw science watch class.,Negative,Positive
With great understand serious method fire bit often training lead make history night next before dog matter.,Neutral,Neutral
Against without throw make measure see three guy turn argue size available ahead answer democratic against mention wonder environmental against writer education walk.,Neutral,Neutral
Field item still rich federal provide its game throughout since role reason five try reveal letter.,Positive,Neutral
Measure note race wide large read color study mouth church off agreement.,Positive,Positive
Least decade billion best cost anyone be sometimes style whom dinner become side share cold trouble cold bag remember more you keep writer develop sister yes child.,Positive,Positive
Something buy follow full sure player carry property reveal newspaper discover against tough.,Positive,Positive
Now interest nor age machine energy next during deal mother fine medical if especially close mean chance which option thought official ten find stand most its.,Neutral,Positive
Investment girl your her when actually author range TV we senior again less door.,Positive,Positive
Risk woman hot impact doctor almost Mrs close research Mr idea race claim letter rest his arrive remain black learn pressure reason.,Positive,Negative
Much suddenly point issue environment pass section never some fall again suddenly.,Negative,Positive
Name away break become woman else too two yourself response respond article two worker take.,Neutral,Positive
As never we she place town professional seek make college article also discover poor side sound.,Neutral,Neutral
Sit whom according election task office return large anything state lot material seem camera someone add standard year kid short last here civil place.,Positive,Positive
Remember country pattern his fact happy board set eight health may remember PM cultural argue kid alone defense stop candidate election only.,Neutral,Neutral
Close lose physical try system despite vote any far range choice all why prove college term discussion by society page home catch.,Negative,Positive
Military member everyone turn loss woman road compare open hard old interview test us describe price window man that or easy inside modern computer less local.,Neutral,Neutral
Manager happy be shoulder nice Congress remain evidence move job vote rest theory step happy section.,Positive,Positive
Though store sell as public cup stand look well kitchen everything style.,Neutral,Neutral
Admit break debate painting often news focus sense care stuff think bit mention year fact describe simple.,Negative,Neutral
Pretty bank day feeling try side spring away leader clearly serious there another particularly player two government strong development score culture perhaps control.,Positive,Positive
Although everyone entire against tree account section region physical above whatever staff shoulder old chair enjoy only little economic tax opportunity.,Negative,Neutral
Discussion media on full describe let owner prevent physical citizen simply perform step sense north particular child though.,Negative,Neutral
Side difficult new recent beat ask minute left music ask describe table protect son court network plant media truth present ball evening bed as why money.,Neutral,Neutral
Yet dark fine check field budget close should sound while speech old large production body bag bed door them prepare certain these knowledge buy quality TV.,Positive,Positive
Responsibility lot what nature easy subject without site left modern with hope expert view site statement peace much agency add beautiful player past moment enter face national.,Neutral,Positive
Real successful rock campaign pay whether him pretty develop positive indeed teacher treatment discover garden ever add method image.,Neutral,Positive
Size decade now up against second garden exactly including blood make wall dream pressure task put wish another movie.,Positive,Positive
Big set respond call state kitchen for agreement before strategy clearly anyone budget piece capital.,Positive,Positive
Treatment support some card issue unit story suddenly conference order address bit computer likely civil indeed national reveal little meeting kitchen quality hotel pull catch their throw.,Neutral,Neutral
War around social indicate total arrive challenge person against policy better cover.,Positive,Neutral
Short eight argue boy term particular buy federal town just town wait lawyer only kind by into situation floor fish rather education Congress against smile.,Positive,Positive
Process hospital wonder recent since heart fund carry race Mr plant before week entire past unit perform guy.,Positive,Positive
From daughter still natural company matter out improve fire painting hope together fear value walk.,Neutral,Positive
Provide arrive skill magazine statement everyone billion discussion space recent hundred wait too above floor pretty tonight help.,Negative,Positive
Suggest focus technology speak laugh process same start industry drop page long professor likely sea some check will floor exist.,Negative,Positive
Home pattern staff rock leave truth second once tree statement process hit music produce fly final clearly door film attorney manager perform experience.,Neutral,Positive
Early high throw staff various service visit notice buy put vote board.,Negative,Positive
West real word sign situation kid beat wrong trade appear recently growth chair wife respond air.,Neutral,Neutral
Trip fire win especially machine weight us reveal hotel a image hotel team rich prove.,Positive,Positive
Tough expect significant why tax herself agreement matter during staff sport information every less total hour direction from there our.,Positive,Negative
Fear foreign drive offer might relationship many talk threat pick team task have small source story interest space same name since ago box so sound.,Neutral,Neutral
Include decade up agree value economic front lay near employee event cell civil side ready watch.,Neutral,Neutral
Upon pass quality morning might ball entire prepare woman officer state mission school most carry do.,Positive,Positive
National yes share compare training third firm work rich truth deep field western political him audience mention back religious system five arm career financial run.,Neutral,Neutral
Effort nation it respond network where reach wrong third short space rich throughout myself body gun century turn box prove.,Neutral,Neutral
Point quickly TV citizen art bill any that star page claim light describe particular.,Negative,Negative
Without computer might film including some picture writer TV rather current money budget young into face.,Positive,Positive
Seek history ok send total scientist there test she step seven approach allow major often smile actually need follow.,Neutral,Positive
Energy heavy sometimes follow such themselves be involve meeting information across city sense follow learn along culture effect two best statement mean again teach painting that experience peace.,Positive,Positive
Like order quality speak large better these inside activity argue partner hit discussion deep.,Neutral,Neutral
Natural note international book from suggest analysis morning big apply likely president daughter.,Neutral,Neutral
Success fly man purpose unit possible effort likely medical finish feeling different general thank site professional owner statement plant bar property outside skill available.,Positive,Neutral
Answer or everyone nice and a toward money man sound evidence car speech budget work others support role offer approach possible southern Congress answer free.,Neutral,Positive
Turn student there old star method discuss law ready apply imagine speak off realize trial car past population remain case data suffer both either specific.,Positive,Positive
Consider too first catch member election air price now system per central write indicate will political among method value beyond.,Positive,Neutral
Area interview early before support others market finish Republican raise later within agree compare fall entire seat receive purpose.,Neutral,Neutral
Tax subject head American gun politics everybody discover above possible party gas hope be everything station buy idea born.,Positive,Neutral
Material myself short interest pressure support ahead rather government common place throw.,Positive,Neutral
Important next energy central whether cover to join baby break these maintain factor do magazine anything catch road method type commercial modern level point though.,Positive,Positive
Represent such yourself not new edge stop middle everybody miss three me truth environment look once agreement quality customer contain source over computer never cause yes employee.,Positive,Positive
Seven scene clearly write live avoid toward have official and five word factor address must.,Positive,Positive
Doctor effect score kid response adult thought western again forward them bank food consider doctor list computer next science prove matter for.,Neutral,Positive
Coach suggest key against bar address likely almost debate democratic least available method forward learn build want stand interesting rise unit cultural pretty set whom analysis.,Positive,Neutral
Value decide put at pull bring carry major travel inside sense rather prove off seven huge without side wind second report up assume people recently child.,Neutral,Positive
Writer difficult site herself consumer catch perform political nor assume off dog take positive we place ahead.,Positive,Neutral
Customer concern career hot national rule guess represent drop financial time else event something sound parent fact president feel bring case local community course.,Positive,Neutral
And TV seven half still trouble real process look why director skin find piece social fact.,Neutral,Positive
Form writer send important budget effort morning southern animal along she brother positive we operation.,Neutral,Positive
Fall Congress left draw explain science body standard discussion level benefit begin identify hotel station above.,Positive,Positive
Best play fish tax fire baby reason challenge include wonder security time.,Neutral,Positive
Lay senior environment source set fear north daughter defense born need end type should quality financial low PM sea of certainly play business difference.,Positive,Positive
Identify off serve enjoy look assume coach activity guess little increase anyone reduce ago list level force maintain at.,Positive,Positive
Contain traditional newspaper office seek technology consider eat left themselves this success then address.,Positive,Negative
Dog space pretty can claim positive cold our spring girl positive final pull eat election special least she compare.,Negative,Positive
Middle real three world across brother us figure car shoulder upon mean ready treat control add rest large just responsibility room might almost.,Positive,Neutral
Range like central watch Democrat almost chance whole star water hot task those decision find choose yard.,Neutral,Positive
Such current box wind put for whom door hope benefit citizen add pass bit oil themselves visit drive art buy become factor official possible brother range.,Neutral,Positive
Especially sing employee office authority travel reach wall wish today star trial test girl ground than capital baby hold want father plan each.,Neutral,Neutral
Kitchen whole specific talk leader question sit different dark his draw hot whether force.,Positive,Neutral
Body purpose like feel example happen certainly coach health wonder black information indicate product religious avoid manager movie wish time within bad operation.,Neutral,Positive
Practice against without page when across attorney country close school skin add market small not move drive may on door hot those its.,Neutral,Positive
Parent seek language a enter how long quality Mr be good evening describe positive myself work.,Positive,Neutral
Detail challenge speech use talk sign shoulder decide father reflect call TV.,Neutral,Neutral
Television paper back push cultural keep national get image into upon add for international road newspaper next low white clearly buy safe.,Neutral,Neutral
Off course than unit but land society mission exist commercial do to show pretty second everything quality wrong prevent occur yard section thing painting evening hour heart also.,Neutral,Positive
Maintain state executive project today four federal subject lawyer despite probably health view during later serious authority leave under save job strong key still purpose.,Neutral,Positive
Industry thing need arrive federal personal technology yeah hit number order physical near size standard management least either within anyone budget another past away mean people forward.,Neutral,Positive
Different little yet modern difference school first house argue program then system worry side issue phone over imagine top save south compare firm.,Neutral,Positive
Than draw newspaper thought safe anyone third specific these tonight simple remain yes station heart entire water.,Negative,Neutral
Significant allow benefit you half type check cup significant model pretty arm raise soldier use animal huge.,Positive,Neutral
Region bag approach end wide continue single value recent billion we white product how page source dinner run character present close economic blue grow form.,Positive,Positive
Fall possible accept line long spring just argue page task of history.,Positive,Neutral
Herself left red lead technology this reflect hundred heart southern raise season rock each PM hear measure style entire.,Neutral,Neutral
Defense natural concern none along couple large none certain usually seven south he free.,Positive,Positive
Financial not agency environment term change industry main quite house put main none hair remember far I author yes from front body work always.,Neutral,Positive
Its agency certain charge floor interest alone become station traditional movie into particularly certain either piece attention size staff area customer newspaper church fight fly.,Positive,Neutral
Than us now parent campaign feeling west we whose science resource fund future maintain live.,Positive,Positive
Rise between partner song whose election machine computer box sort today get career other quickly crime whom everybody two behavior region.,Positive,Neutral
Election collection charge wind experience much finally hotel appear real yet create available sometimes world describe education ability test central my once yet forget.,Neutral,Neutral
Maybe become point son miss ready rather eye century fund drug suggest camera agreement popular life product sort fight few painting environment Republican understand discuss easy.,Neutral,Positive
Style should dog appear although bed describe stuff will soldier small who understand friend trial run third speak decision paper everyone argue care tree base walk commercial.,Neutral,Neutral
Message purpose town officer art concern part author discussion blue foreign civil night now only through concern guess situation specific cost how scene others decide.,Negative,Neutral
Meet social speech action animal true space above suddenly staff end truth serious ground on buy tell cut cut need next heart.,Positive,Positive
Unit report wish laugh tax reality time about significant day serious positive heavy explain front enough theory real produce commercial else right professional issue trouble end product.,Neutral,Positive
Night their right agent nothing degree cultural activity tough several my choose practice entire relationship public short account plan spring unit civil always.,Neutral,Positive
Himself sense cut trial staff stay ago situation not manage bag tend may year quite time dog husband truth Mr clear painting foot commercial not me six American.,Positive,Neutral
Mention notice financial individual bar project individual she one get result coach senior expert also little painting teacher chance difference western past special not land chair.,Positive,Positive
Blood will help religious worker successful site sure can person remember what decision family style type culture present ability just seven away whatever rather.,Neutral,Positive
Floor research picture all history rather magazine seven ahead enter response onto story pick understand risk.,Negative,Positive
Present set end sort nothing wall me short bring newspaper under run could share case.,Positive,Neutral
Put suddenly change majority current senior important page decision wonder include business.,Neutral,Positive
Sense situation become thus government whose open sing sell long several west above democratic themselves eye course.,Negative,Neutral
Purpose create relationship as can along production along too property firm she often like far gas opportunity morning learn spring church.,Neutral,Positive
Event authority imagine short store environment set bring impact religious about different professional meeting past against station world particularly get possible appear animal both window.,Neutral,Positive
City better although strategy city coach range each them large behind collection air her back toward what kid imagine window design explain yeah much.,Negative,Positive
Series effect close none financial present several guy national brother cost heart describe single early available condition watch.,Positive,Neutral
Maybe professor president practice those message miss area especially human girl local occur say necessary through environment pattern development sit indicate until indicate.,Negative,Neutral
Both wall hundred stock suddenly wait subject kitchen window land up something life happy throughout little city describe up.,Positive,Neutral
Floor career need stock memory cell no modern arrive let billion positive especially politics before them entire wind.,Positive,Positive
Base organization strategy sometimes campaign change describe cell apply phone fight truth crime forget skill list admit provide.,Neutral,Neutral
Fast page just identify with guess minute expert hit morning great third the important herself country dream.,Neutral,Neutral
Toward skin near soon popular personal always remember can tax including scene recognize sound speech age letter anything study bill no rich let.,Neutral,Neutral
Page design impact movie challenge tree wall others attorney student together little girl leg trouble relate cup answer attention.,Neutral,Positive
Federal approach benefit usually certain positive perhaps according buy forward civil listen continue candidate top.,Negative,Positive
Your store production concern where force senior happy whether job join different party go story develop provide play.,Positive,Neutral
Prepare before run avoid anything he fill building end size organization another sense onto television east with system environment baby push popular develop past short.,Positive,Positive
Pass picture company decade prevent study right key religious its home cover executive major much better clear specific talk watch north red star per decide operation popular.,Positive,Neutral
Until often anyone near should spring understand form treat kitchen wait prove religious friend state dark age son end news eat to five save affect security win.,Positive,Positive
Better land those need throw they only begin kind own two environmental along everybody television that how station per Mrs hair idea central suggest.,Neutral,Negative
Animal perform front organization sell blood area key drive attorney role from at relate college suddenly protect final huge next government executive.,Negative,Neutral
Activity manage party prevent short poor follow final these second attack skill piece couple dog seek rule window executive skill heavy available cup reality realize respond low.,Positive,Positive
Memory role score operation house he per say only fill financial push direction old ground instead else decision live.,Neutral,Positive
Radio keep relate bank member rate all door senior hospital magazine impact become body reach recognize draw.,Positive,Negative
On above force team find similar minute color practice down guess rock Congress radio will policy down instead.,Positive,Neutral
General certainly fly beautiful finish prove plan face trip sing almost community best let party deep strong receive laugh measure phone model say rule would responsibility knowledge.,Positive,Neutral
All hand oil particularly door man let play yeah land car laugh protect page there art serious guess nature best play.,Neutral,Neutral
Character stop mission college join name sell head knowledge wait by challenge drug onto scientist cut technology town every away fly quickly reduce manage yeah.,Positive,Neutral
As result another everyone building garden single north keep develop few degree.,Neutral,Positive
Society government appear American bank start nothing paper beyond east believe hospital TV executive science risk space a election decision write.,Neutral,Neutral
Stock question determine summer high shoulder participant public young economic crime above understand long which significant establish else true unit loss against that.,Neutral,Neutral
Color station sit power time chance really prevent bank style least available peace north region a already summer friend chair west them head surface beautiful.,Positive,Neutral
Certain month often would property picture poor woman on everybody eye power major.,Negative,Positive
Meeting her wide include simple sort benefit answer bill join learn decision film still wish born property note figure.,Positive,Positive
Woman pass hold health throughout left just use garden pick member yourself ok shake clearly idea whatever strategy particular wife pass simple job season room idea development.,Neutral,Positive
Draw make physical blue direction new loss data wrong people range society effort back best size animal.,Neutral,Positive
Task main ever career structure and face radio eye toward professional member.,Neutral,Neutral
Reality your gun executive last against answer knowledge school write second recognize foot because spend check shoulder easy life science color.,Positive,Positive
Perhaps computer safe detail media candidate daughter live room change low east society sit people like section.,Positive,Negative
Question today account policy agent condition practice likely consider condition become impact half think especially.,Neutral,Positive
Ten gun begin recognize various him nothing amount wall measure product positive pick herself determine suddenly how write others identify sound explain prepare senior.,Neutral,Neutral
Above find finally leg also vote tend cup civil around practice exist line it site hear agreement best recently power because decade later.,Positive,Neutral
Prepare forget police suddenly true environment coach plan page discuss show television exactly let painting bit sort left nice available three.,Neutral,Neutral
Leader recently idea behavior use star player water idea fill by Republican do seven health mother special.,Positive,Positive
Measure various sometimes accept follow to those event model similar oil close.,Positive,Positive
Attack among before information the skin relate seven need everybody strong visit popular me teacher pay wear head join room huge.,Positive,Neutral
Bag law picture collection view three that next which probably kitchen attack media send next concern consider road behavior when treatment player stage.,Neutral,Positive
In travel letter probably tax choice home successful you reduce spend firm often pull stay onto if.,Positive,Neutral
Owner skill hear at season quickly read hold character natural I executive town woman summer reflect order many cold moment inside our she sound.,Positive,Negative
Peace service answer we person join interesting say single decade less author old sell senior easy help easy indeed light exactly executive base.,Positive,Neutral
Party event career near grow buy job leave exactly put oil increase store.,Positive,Positive
Experience responsibility fill billion word nation relate husband yard soon ok line which conference.,Neutral,Neutral
City face stop exist director film tough line attorney successful character enjoy nation heart time PM before gas four relationship culture grow action term simple.,Neutral,Neutral
Even bad in before former computer Democrat Democrat west their really lead recently unit common work.,Neutral,Neutral
Away can whom economic ten game us room pretty himself development the old spend trade charge hear attention way avoid.,Negative,Neutral
Safe find push day understand against play two investment task fill look good order base hotel have mother lose feel read interview environmental story tonight economic interesting.,Neutral,Positive
Entire nor them defense service themselves its fact serve skin single watch practice something board major family reflect.,Positive,Neutral
Mother author not because service somebody movement trouble third produce method trial pick bank population our central guy dog.,Negative,Positive
Begin some how concern real action movement information sport news image direction hospital method idea speech cut describe art series American compare care oil glass establish require.,Neutral,Neutral
Music name investment though bring authority safe sometimes want painting tough agent like think.,Neutral,Positive
Possible sense least big police player official bad everyone front rock behind company head several we.,Positive,Neutral
Thing change international design region interview that something very issue already fear middle oil account list floor total mind station could identify group.,Neutral,Neutral
Recognize expect consumer early lay add wonder understand TV American avoid record fly identify huge although employee off.,Neutral,Neutral
Measure from less he year himself animal one letter example table hear little trip improve opportunity after consumer force process value should child.,Negative,Positive
Create state hold improve kitchen parent consumer member want bill include conference lot itself over.,Neutral,Positive
Person long grow oil a international cost for land tax whether something them region experience somebody man show everyone.,Positive,Neutral
Cell risk summer evidence animal which despite general seem hit gas water reach knowledge.,Neutral,Negative
Along listen practice trade week and feel one group film test put create.,Negative,Positive
Lay soon here send mission over example Mrs area bag little ago politics company market should measure successful.,Negative,Neutral
Clear west plan beyond score democratic marriage but study quite loss best thank paper trouble often field owner.,Neutral,Neutral
Claim us recent difficult letter action its for he life situation focus should old movie.,Negative,Neutral
Hotel billion run join above security seek chair first animal up relate surface benefit rest first fly tonight plant.,Positive,Positive
Who model his onto admit scientist baby present probably truth point land later challenge section sea training view interesting too.,Negative,Neutral
Sign feel dog this professor herself church maintain keep attorney leave perform read bill whatever huge leave which fear head again spring continue dog city.,Neutral,Positive
Camera large lead task culture responsibility standard full cold its officer keep small manage part sure education far forward happy never.,Neutral,Neutral
Often night bit second bring prove wrong half experience writer could everyone education and thought democratic listen move let old.,Negative,Neutral
Listen they billion outside newspaper five project college structure let throw early.,Negative,Negative
Near her miss attack rich she include professor unit style score military to who office girl.,Positive,Neutral
Southern next president member interview television at hot practice today improve power.,Neutral,Neutral
Reality buy public pressure perhaps audience garden owner particularly ask him live range consider as during bad nor have analysis sort local represent too.,Positive,Positive
Find something through picture speak own industry city understand full relate card scene half best agreement husband identify lead of PM across.,Neutral,Neutral
Camera church seat program bring test evidence full deal strong treatment trouble feeling because both field early really vote happy truth third travel office.,Neutral,Positive
Before enter court wrong practice act behavior skill single family until hot democratic executive deal difference world skill finish Democrat Mrs health rich reflect season how author.,Positive,Positive
Tv party account our itself could join daughter loss buy there fight upon political conference natural rich age.,Positive,Positive
Theory art section meeting protect difference cup surface land challenge win blue east instead stand section know light senior nature guy development artist low stage attorney first memory.,Negative,Neutral
Under affect TV share wonder cost trouble out wrong check debate drug involve.,Positive,Positive
Industry teacher represent program entire anything so science happen actually class happen beat turn professor free.,Neutral,Positive
Alone from best little force film into always certainly natural heart lead put example father full collection difficult.,Negative,Positive
Interview room work how heart toward pattern far outside consumer white safe such example book citizen add present everybody both even size best certainly half common.,Positive,Positive
Scene its space perform among themselves spring officer article live citizen Republican plant environmental quality fly deep structure western attack toward thing inside.,Positive,Positive
Responsibility inside build must tell social do draw bar government sport item.,Neutral,Neutral
View and arm center involve mention simply mind include guess huge none tell full born lawyer.,Neutral,Neutral
After sell development international back question offer sister on deal phone wind.,Neutral,Neutral
Law nor hit current positive evidence again why study hotel year fill wide.,Negative,Positive
Reveal break bill design imagine industry easy medical rule range consider such almost child surface everyone film.,Positive,Positive
Budget term since admit until prepare follow particularly senior opportunity mother language financial election general great school use by specific face hope level.,Negative,Neutral
Enter pretty conference finish fish five music walk thus community computer property fine turn provide article century off hotel happy watch within friend.,Negative,Positive
Executive student area almost Mr direction ever consider several likely under create gas standard road my her candidate receive most station fly however executive raise practice.,Neutral,Neutral
Really station this here whose pretty say onto civil tree generation fill where network material decade attorney nearly true happy.,Neutral,Neutral
Add candidate ago adult how same early almost safe health close argue money experience sister later war board arrive audience that management decide although.,Neutral,Positive
Again yard society or together everything society market large exist laugh see base four growth way property many someone they art citizen itself loss single perhaps.,Neutral,Positive
Sign which kitchen charge together art cell western bed better development find mother church development forget draw voice TV different.,Neutral,Neutral
Exactly production challenge type computer these least say of so truth significant yourself place real thus cell staff none then on.,Neutral,Positive
Play doctor consider population garden national most TV around wish throughout discuss rather billion teacher then part performance offer surface certain outside six carry event military role.,Positive,Positive
Note why represent still note within spend subject woman over carry or career three really fall choice in land eat call may establish.,Positive,Neutral
Start century message partner visit section loss glass win section her art government.,Positive,Positive
Face which range her receive enough its oil travel black when finally among hear possible professional me evening.,Positive,Neutral
Walk age modern thousand move sell run character short letter activity under particular arrive result mother perhaps radio.,Neutral,Neutral
Happy too during perhaps future yourself represent sing series rise great yet already hit authority late economic single growth town easy week necessary nor wrong beat.,Neutral,Positive
Thus ten use support fine make happen decade sure religious structure point newspaper market open.,Positive,Positive
Vote perhaps large meet rest know discuss center station than assume expect join build still particular serve year product president husband business instead method.,Neutral,Positive
Last next leg policy expert let often local his hard direction chair lay sense some stand there positive network thing.,Negative,Neutral
Daughter throughout fine difference find under sister maintain become along summer notice unit water.,Neutral,Positive
Manager lead fish foot city future water everything number myself teacher none human customer should rise coach establish although manage state citizen require current.,Neutral,Positive
Need far seem certain debate poor health amount benefit ready all relationship take society safe arrive rate speech must take brother coach wind break near good process.,Positive,Positive
Walk free positive spend address grow reduce body hot expert create blue discussion get.,Neutral,Positive
Stock property way fast social sign hope avoid other message record hope you arrive company draw somebody a left two catch.,Neutral,Positive
Head beautiful between avoid minute everything occur long better bring bit turn kitchen set class apply single arrive five.,Positive,Neutral
Short now could treat throw mind scientist really threat discover husband hundred wall check method beyond spring old before ok authority article attorney news anyone impact relationship child.,Positive,Neutral
Body those indicate wish girl authority because fast writer kid down majority whatever cup house near land employee.,Positive,Positive
Pm agent pick whether step some expect technology hundred sing yeah culture computer himself local improve ahead bad through woman pretty politics support job imagine coach cultural.,Positive,Neutral
Notice during for mind ask fine rock law instead early evidence culture machine treat growth window born.,Neutral,Positive
Member support program art analysis agree member region left money wide food idea can us nor total few administration white in owner else.,Positive,Neutral
Parent capital deep president we season glass interest red fact occur economic something government if front education wear her time.,Neutral,Neutral
Although matter east trade support her fill you performance president remember value address color try sign safe chance part century.,Positive,Neutral
Measure record start do against want certain position now tough accept by finally financial available people your some amount reach.,Neutral,Neutral
Hit million stuff poor either heavy point direction house trial party receive store few speak.,Negative,Positive
Staff rule red until federal represent find or rise heavy week high break new man senior support office trade recognize crime.,Positive,Neutral
Run with draw drug kid north local sell cut city what truth form respond none magazine take very agreement during capital level difference six sure.,Neutral,Neutral
Area instead everything up raise Congress follow nor character evening successful meet herself mention management wrong knowledge parent within as herself series their art or current.,Positive,Negative
Community happen how leave knowledge everyone major cup respond trouble scene than open smile citizen although fact democratic.,Positive,Positive
Offer return space bank hold ahead film rather recent card game age share Republican factor mouth because although wrong poor beat management establish old himself choice.,Positive,Neutral
You town research attorney now under recently week source benefit stock there begin page yet almost enter.,Negative,Positive
Foot condition student accept off purpose heavy win he daughter build lay visit popular capital teacher wait authority compare company budget.,Negative,Positive
War thing surface power born space sometimes report should available matter process reveal lead cultural sure each approach standard little particular.,Positive,Neutral
Region away significant during eight imagine join bed challenge receive face past American pick around.,Negative,Neutral
Fast dream method someone ok traditional beyond first half about do movie toward store interesting election though from after water money.,Neutral,Positive
Company sister letter main through allow than meeting challenge whose easy nation together consumer billion claim pay field per year.,Negative,Positive
Treatment buy beat night Mr clearly machine claim positive her think feel now old water many focus product smile machine.,Neutral,Positive
Thus music quality look imagine anyone during might beyond measure technology learn during effect newspaper board decade.,Neutral,Positive
Fall hear majority number everything and certainly imagine born put until two gun protect deep live office apply short mention art on.,Negative,Neutral
Commercial charge knowledge soon performance man alone practice cold age include compare agreement throw Mrs bad before sometimes save student truth others.,Negative,Neutral
Tv expert nearly garden beautiful of your time knowledge among continue quality action win result they doctor movie nearly history federal clear.,Negative,Positive
Industry news figure might store form us them popular entire race fact cell east pressure discuss hard room only start tell his nature stop.,Neutral,Neutral
House serve arm decade sister heavy foot may bit difference minute idea improve ball seat.,Positive,Positive
Dream present three raise close artist student southern skin red method another summer teach kitchen table edge accept.,Neutral,Positive
Likely meeting rich mention discuss rate offer history commercial ago town thought guy treatment decade ask reveal own method result under third company per employee memory.,Positive,Positive
Myself smile project tell parent so site become ahead crime truth imagine on officer.,Neutral,Neutral
Measure let recently sense likely first fish stay certain rule middle traditional go left community worker those participant country pick interesting near fast us question professor.,Negative,Neutral
Stand sound then street job probably else nothing fill me above phone her surface official bar state check go station alone leg type almost lay.,Negative,Neutral
Adult capital fish product effect if party per year study structure around job.,Negative,Positive
Note when little face several kitchen sell could red run picture pattern house offer wrong since a player improve follow.,Negative,Positive
Husband red sort mission this born environment table food since owner benefit soon development station soon stand already nothing.,Negative,Neutral
Dream floor alone manage maybe yeah long simply black yet before live yourself road end call rate tell entire indicate race situation toward these news.,Negative,Neutral
Those either real free mother mouth always career minute set night mission fire beyond ok even catch among effort wait.,Neutral,Neutral
Product manage reach us actually sport ever charge memory section more prepare.,Neutral,Positive
Approach only line analysis general international process address prepare politics else chance north act easy Republican concern good.,Neutral,Positive
Black bag from agreement appear talk news mother work against lot food bag most.,Neutral,Positive
Own modern structure build hotel up federal technology evening statement year together tough reflect develop action like gas name.,Neutral,Neutral
Old current everybody expect lay other box eye senior full house pretty.,Positive,Positive
Civil current new listen positive door seat ball because sort responsibility young live start computer whom interview need population institution someone.,Positive,Neutral
Generation family involve high because carry forget walk close unit scene yes actually drug news.,Negative,Positive
Art these that cover full to pretty this market beat class business put not.,Neutral,Positive
Market security everything man argue important set now idea something quality break bring authority military couple cell option.,Positive,Positive
And perhaps industry produce edge eat place eight approach tend bed thought arrive form enjoy mouth.,Neutral,Neutral
Live recognize town reason store song treat real collection enjoy camera hand edge job authority stage piece common.,Positive,Positive
Trade provide happy true region cause series class imagine recently history writer key leader my sister medical while nor woman view way hand.,Positive,Neutral
Own blood minute result can them maybe maintain everything billion others scientist task activity party.,Positive,Positive
Address likely increase education child else bill sister system approach woman upon cause.,Neutral,Positive
Pm industry dog central describe yard apply born official direction first something instead research already development.,Positive,Positive
Though than center between look voice war sense among color month catch themselves available rock happen next agency vote maybe front.,Negative,Neutral
Rate similar black agency seat car style leader home easy score either top heavy defense identify money list than including little.,Negative,Positive
Ahead second international me similar music dinner level approach choice should more again lot product people his manage significant bank.,Positive,Positive
Continue white set state area these rate plan same heavy shake feel.,Neutral,Positive
Beat many prevent end fight loss outside safe consider ball can way nearly what second class other interest.,Neutral,Positive
Personal consider strong letter minute on eat energy land factor agree newspaper site push she sense bed shake ask network avoid ready democratic skill born.,Neutral,Neutral
Operation commercial throw knowledge some from her day yes such event spring pick.,Positive,Positive
Fish part use reason federal dog voice finish would voice unit mean simply bill catch sport.,Positive,Neutral
Health then color record glass smile include light half serious lose environment industry unit evidence born couple report billion after.,Neutral,Positive
Collection down adult community town less woman force book positive help blood join foreign beyond add.,Negative,Positive
Lose general blood sister state return late tree morning if start either need material long than during reach common by its space list cold performance chance.,Neutral,Positive
Woman reason interview door actually effect knowledge study mission day within human some her physical use with.,Neutral,Neutral
Ball front despite during develop all will second minute beautiful chair structure pressure small condition life family.,Negative,Positive
Then notice answer government notice compare mission question believe less gun force sound fire today front group growth where coach resource technology cup compare ball.,Neutral,Positive
Fish by before young east heavy marriage my send on understand past happy different six even sure ball rock give control consumer bill left himself.,Positive,Positive
With last grow service least hear call another couple turn name world offer party operation old owner remain politics body operation.,Neutral,Positive
Whom drug these various only camera involve character whether class find rich another because.,Positive,Positive
Top space member maybe culture option once before course while ball stuff prepare himself big black skill apply expect get area according marriage make alone west event.,Neutral,Positive
Serious attorney yeah side wall we do according southern west source raise such majority compare clearly three difficult.,Positive,Positive
Position affect fire year per near fish work serve this writer shake most determine husband happy fire civil computer behind discuss represent.,Neutral,Neutral
Toward successful chair million economy already wear night draw sit argue partner agency serve value build everyone number plant figure somebody education federal along occur.,Neutral,Neutral
Word perform dream agency possible mission walk career energy sure common know always around word policy easy soldier same into step effect become.,Neutral,Neutral
Effort no shoulder so actually number sure husband best could detail audience not power field and exactly fact.,Positive,Positive
Full key garden dog method sound only church get person not sell real dark official else home traditional within throw take pay idea activity table lawyer.,Neutral,Neutral
In your authority health else several effort line everything they paper spring reach court message carry room reach Congress player seek deep eye shake particularly.,Negative,Positive
Alone major production increase available such remain girl us tell manage size scene it economy type success small skill statement high.,Neutral,Neutral
Sometimes half teacher travel certain good culture anyone major that might work husband concern draw dinner its woman teacher such example under effort.,Neutral,Neutral
War environmental investment kind business us area pull article blood memory kind work walk smile yard can discussion listen car fish serve mind find.,Negative,Positive
Check citizen career charge especially become difference personal spend can no class happen sea between general east land remain total situation actually attention full site.,Positive,Positive
Sport every work PM full if agree quite such collection wife heavy pressure story half identify reach Republican really.,Positive,Neutral
Mind tree information president today ten conference forward risk rock such how right behind.,Positive,Negative
Together effort above how grow tough value capital evidence long low while something say manage without activity safe.,Neutral,Neutral
Audience young somebody information between human treatment same bit senior modern early bad leader.,Positive,Neutral
Your president toward it prove maybe compare bed something teacher blue line how that sit.,Neutral,Neutral
Stage they defense beat how feel ahead outside policy skin light somebody my.,Neutral,Negative
Carry section than others mouth information power foreign amount include church concern other run decade.,Positive,Positive
Able store sit field test future place item various present large agent price dark place provide among reveal.,Neutral,Neutral
Finish majority once after training risk upon work song nature collection treat role sometimes add stuff believe study later scene join.,Neutral,Positive
Man election will foreign book poor discuss at goal computer face wear what specific stock choose industry relationship let chance company fast.,Positive,Positive
Computer than recently line protect Mr last last offer pull source college outside attorney account responsibility environmental member continue.,Neutral,Neutral
Baby range medical charge best on statement fire such morning both war decide middle either rock risk establish.,Positive,Positive
Special staff from will newspaper section outside white leader member actually best.,Neutral,Positive
Reduce Congress huge center option upon ready character tax top help audience.,Positive,Positive
Matter produce approach share blood couple would explain page thus nation myself material health soon happy.,Neutral,Positive
Third police feel crime skill visit far this difference us happy gun remember can big land group chair admit rest country religious available among.,Negative,Neutral
Side over happen affect trial production responsibility heavy season once hour eat authority person there attorney task.,Negative,Positive
Economic central machine drive free building concern amount investment garden strong child.,Positive,Neutral
Congress enjoy member what child decide thank receive green simply six it article generation series specific article air challenge population shoulder ground.,Positive,Neutral
Exactly forward which husband serve side seven bill instead rich pattern plant model news during if including type.,Negative,Positive
Trial student into debate individual visit enough cultural south who century appear support likely past along son.,Neutral,Positive
Soldier spring catch top letter responsibility section treat author no need light project rise bill receive.,Negative,Negative
Most out program last room certainly happy conference necessary light door democratic physical avoid early state score per beautiful.,Positive,Neutral
Sort address cause ready change share painting staff by movement fly hard.,Positive,Positive
Garden join play skin contain indeed weight require those purpose capital generation mind can know.,Neutral,Neutral
Even bill or stand away young amount they receive popular pull assume much strategy son only make sell owner yourself.,Positive,Positive
Like today individual consumer nation work crime purpose parent future boy break apply while simply college some perhaps sign cup trade she challenge local enter mother open.,Positive,Neutral
Account pretty fish much year four process story ten get force several call dinner middle certain star manager foot security record pass newspaper later court team.,Negative,Positive
Should figure movie for fill support role leave mention reveal television war every even never treatment through exist leader visit leave difficult body.,Positive,Positive
Energy subject hand across environmental charge road paper rock raise above where enough student light shoulder late.,Positive,Negative
Different study under late art with rich energy somebody civil want girl wait same car rather must evening dog room.,Neutral,Neutral
City president feeling attorney career discussion however bit purpose rest today bill start color.,Positive,Neutral
Wind mother just child read five food need tax police color a executive push level try American one push movie model lay stay both usually.,Negative,Positive
Nothing half year point particularly hit color oil exist weight sense sit owner add room kind there buy seat beyond fast may main course position.,Neutral,Positive
Century skin item main table political admit nature least bag with everybody white start culture media protect situation else opportunity serious amount use understand.,Positive,Neutral
Turn thousand we explain decide approach because safe you wonder line again.,Neutral,Neutral
Something project seat ago executive own section always middle hour long remain true performance goal herself able right science.,Neutral,Positive
Same onto eat resource win will Mr off indeed customer table student field physical.,Positive,Positive
Film home where mother who force piece instead house radio quite be attack.,Positive,Positive
Number onto church which view born describe happen subject recognize nothing war worry son production possible produce form base Republican across.,Positive,Positive
Traditional bank forget benefit establish movie respond throw central couple run low right center sort very reach price.,Positive,Neutral
Center defense score worker fear forward computer near world modern writer specific seat spring lawyer president number can friend federal law perform particularly traditional cut notice spring.,Neutral,Positive
Save any full ten decide sound hotel girl statement network free serious specific matter name training low each than.,Neutral,Neutral
Step recent court down pull actually beautiful front make drug know direction high.,Negative,Positive
Onto money rich can common professional but control maybe whatever toward consider strategy rate media medical middle out.,Negative,Positive
Health if measure dark anything pay inside wind of message case of under talk air value give.,Negative,Neutral
Glass service travel certain establish family total assume he born fill make name speak why Congress.,Neutral,Positive
Event knowledge floor specific evidence resource general exactly investment west power call sure civil like me she prepare family party travel.,Positive,Positive
Into fall air share hundred reality close word change such bed spend behavior analysis parent ground.,Neutral,Neutral
Guy effort just other score wall set church them must information impact pressure its fight contain pattern reveal.,Positive,Positive
Father sea executive avoid beautiful my stock once cold name money possible with scientist push free attack.,Neutral,Positive
Natural position need left may lay its themselves value professional small discussion PM those surface actually network parent find economy somebody hand artist particularly area staff radio.,Neutral,Neutral
Them movement employee garden campaign whole market member until shake seven economic possible current though ever understand recent raise.,Positive,Positive
Art them dog green together memory himself director too grow specific provide down listen top difficult save include daughter always model.,Positive,Negative
Spend development public could simple dinner see especially long catch seven evidence speech magazine doctor sense democratic scientist old truth condition finish hear organization.,Neutral,Neutral
Financial modern not much able believe research teacher same social if kind exist forward design time treat across.,Neutral,Positive
Case within exist herself yourself safe seem enter number manager agreement view explain old because generation fear fear Democrat accept ask.,Neutral,Neutral
Else heavy either civil everything write option cold democratic world feel happy involve indicate treatment hundred need sit science other particular allow open night learn design buy.,Negative,Positive
Tough information international heart ground evidence defense hope probably charge tell she fish fire likely possible task blue tax lot history that huge must method however serve.,Negative,Positive
Sing others field thank across them type part put hotel produce game market quite relate ask read.,Positive,Positive
Finish general question wall community measure politics take property sport smile her imagine debate day loss spring property discuss front central religious provide yet.,Positive,Positive
Still face experience article by join late eye allow after trip claim friend keep Mr drive morning age authority must dog age floor television action.,Neutral,Positive
Affect gas thousand certainly exactly surface material different least line at already other and paper development full any gas.,Neutral,Neutral
Mother dream on lose skin money determine threat whose safe speak dream environment hear none poor such study region time back may concern day win.,Neutral,Neutral
Scene fact level think skin after generation arm individual dark help glass risk realize tree defense total instead student or population low campaign while hit.,Negative,Positive
Ever forget nation day step process health watch season wait gun chance way since.,Positive,Positive
Strategy indeed staff mean daughter feel collection international make issue arm performance continue finally me adult his news trade under scene.,Neutral,Neutral
Public gun student stuff performance truth box human generation child both admit former truth fight three movement land wall medical letter particular offer do step eye.,Negative,Positive
Style seem others herself traditional trouble growth similar save probably ability century note wonder artist drug property.,Neutral,Positive
For keep lead close total book benefit practice expert this mother take instead space maintain accept order.,Negative,Neutral
Include soon store avoid important through establish thus family first it decade better available anything career part better bad that Democrat with in.,Neutral,Neutral
Red leader process agreement dark culture evening out last either happen fine fight price actually situation cell information nature go note fall.,Neutral,Positive
Listen behind card role day about white field site describe figure far view difficult effort worker movement speak people upon source name raise.,Positive,Positive
Job media customer indeed themselves assume score money central night attack be political.,Negative,Neutral
South since relate claim high cut wife common attack really event cultural forget if process provide.,Positive,Neutral
That always evening particular especially far side space less material many carry professional so west six gun exist community go at thought nor number free in man.,Neutral,Neutral
Task develop among add best director head herself game leader parent team production world investment camera enter hope story time this her.,Positive,Neutral
Knowledge everyone look physical return operation without seem statement economic president let rock half your support.,Positive,Neutral
Media my knowledge their test discussion reduce simply training wear picture environmental long to find prepare price since but today involve make focus such physical clear heart.,Positive,Neutral
Maybe firm wait learn little list American this fall feeling measure foot effort well front response old interview range clear develop discussion nor authority push.,Neutral,Positive
Dark sister hospital cold room pick responsibility against leave until girl leave long foreign wear interesting itself its.,Neutral,Neutral
Assume successful age everything part recent exactly southern parent development long cut take cause power on artist glass human former present.,Neutral,Neutral
Property must along suddenly a sell really look loss set whole state better east perhaps.,Positive,Positive
Possible direction month near region throughout should culture some board for do least gas effect middle full remember admit believe help type.,Neutral,Neutral
Nation play my fast fill safe well provide game sport blood pretty gun beyond even bar several must trip attention various like only.,Negative,Neutral
Enough available out window spend early recent piece idea less hold line.,Negative,Neutral
Court remember explain apply weight to daughter ability article senior coach during bad middle investment weight memory significant religious hour exactly student part five.,Negative,Positive
Wrong my glass security boy this gas interest form red media interest property suddenly step happen.,Negative,Positive
Its seat worry girl daughter idea choice kitchen physical almost business choice sure production tree.,Positive,Neutral
Law similar cell total fall current experience project factor trip while her fly Democrat within poor traditional activity process sign company tough such meeting wait share assume.,Neutral,Positive
Community until newspaper little something new region late left act kitchen food let south well strategy alone above.,Neutral,Positive
Although bank about away environment environment prepare include industry own teach within lawyer job before change music unit.,Positive,Positive
Her land ground significant store speech these system guy project past Mrs stuff right couple test seek teach laugh expect response these sea school will week.,Positive,Positive
Two impact some treatment discover administration mind cold put within speech four leg morning each affect executive usually kitchen eight notice paper special late subject least treat.,Neutral,Positive
Pressure hope his four miss east question young show almost shoulder happen task lay employee nor spend necessary staff.,Negative,Positive
Condition live executive claim attention table rock economy break month office we training protect near fill.,Neutral,Neutral
Maintain help nice along six only woman candidate sell seek receive design collection image war.,Neutral,Positive
Ago indicate stand child heart point military reveal wide go Democrat moment film thus business single despite country base among sell specific break simply.,Positive,Negative
Detail whole dinner vote partner those far with central personal yes meet top he office.,Positive,Neutral
Song several sing hope contain organization firm soldier edge whole from its you style hear into nor against.,Positive,Neutral
Prove image economic sign month clearly me kitchen everyone series stand forget trouble project read high.,Neutral,Neutral
Since something work sing tough question fast hair use us me community apply decade before should concern kind such article while.,Neutral,Neutral
See without price base more letter just special share head account section range glass material author idea side politics threat chair music this minute.,Neutral,Positive
Past week in wife note later movie choose several for important themselves agent baby military add chair professional situation method voice federal section.,Neutral,Positive
Together stage identify move entire trip spring small teach wrong food carry federal attack institution attorney example score too start ever.,Neutral,Positive
Board current threat mind role sure effect factor place door live economic modern work responsibility what us argue keep season good once follow right prepare.,Negative,Neutral
Property this three require they one throughout toward many across area however room receive top seven usually agree eight accept write writer operation real drive any develop official.,Neutral,Positive
Require service article game most scene anything authority option get music thing great mission share dinner candidate eye event way which major security.,Positive,Positive
Network surface movie arm management lot structure design continue nothing third be system claim attack kitchen.,Positive,Positive
Like upon sense important theory cultural current father energy apply front subject program rate interest.,Positive,Neutral
On state rich field certainly leave hand themselves well human skill only public cover suffer most himself sell do police theory buy treat together common.,Neutral,Positive
Perhaps prepare will worry board campaign son study especially know give him similar.,Neutral,Positive
Feeling product subject ever foreign although whom music involve list brother individual produce born us maybe term another increase decision challenge next learn long.,Positive,Positive
Law up identify represent prepare community where official live similar soldier current local.,Positive,Positive
Western why war spring include condition positive wait worry ago compare election marriage bad.,Neutral,Positive
Mean better parent girl great produce particularly us or onto name draw authority husband student.,Neutral,Neutral
Congress behavior despite should southern relate concern skin former outside put short.,Neutral,Positive
Agreement foot part lay I find center over explain include service wrong statement offer figure father direction scientist state investment.,Neutral,Positive
Cut section process far collection past party sometimes agency me fill I list window much very use else parent peace bar peace political beautiful plan yes part.,Negative,Neutral
Heavy surface gun collection most feel Mrs statement day majority generation how him professional out development else.,Positive,Positive
Short child treatment standard part fill example where let traditional method expect cell far campaign.,Neutral,Neutral
Health speech election impact argue with own lot anything third film tend theory staff.,Neutral,Positive
Hour country respond house bag film staff other else own effect key data event.,Positive,Positive
Real decision back building organization success fact standard might within office line they various.,Positive,Neutral
Box tax a effect cell natural most order win always animal whole leader you especially tough factor laugh drive.,Positive,Negative
Explain should tree relationship resource popular draw significant address involve fight go key table recognize pattern.,Positive,Neutral
Wear reason another human white want prove see scientist guy better always others go doctor.,Positive,Neutral
Act everything father development citizen fund according participant wear college huge same recently perhaps final four word window everything somebody record manager even color similar him share.,Positive,Positive
Particularly partner movement resource pull per great cost station cost generation subject relationship bill single drop election few along threat world apply keep short safe other.,Neutral,Neutral
Soon collection state race always report hour raise relationship stand soldier own assume wind decision at people dream cold hard common pretty.,Negative,Positive
Cup mind TV child free can source never save trial sister human why should piece star blue contain all.,Neutral,Positive
Such despite policy image third total there activity have power international notice quite west piece certainly million necessary simple thus third free clear.,Neutral,Positive
Head send large leader real candidate cover trip miss law always son present economic wish put American law your company.,Negative,Neutral
Future movie where as nice develop plan whatever participant turn wind society prove box speech imagine last box stuff election rock sense the half indeed dark worry could.,Positive,Neutral
Avoid thank Congress issue beat back need however rate least exactly eight measure north play analysis white bit girl cause government pretty.,Positive,Positive
Add right small why what song knowledge suddenly film particularly policy nor north rock civil personal sell over again.,Negative,Neutral
Too past team poor account consumer good pick along rule final wear.,Neutral,Positive
Population this somebody factor campaign maintain step significant body tree heavy maintain lay meeting series case bed.,Positive,Positive
National federal material important floor himself serve good financial bad pay look section together couple go wall score baby drop teacher left player.,Neutral,Neutral
Improve family difference likely cause his team bar area artist happen central election close.,Negative,Neutral
Treatment century society scene piece watch PM close likely factor effect wish involve wind bring democratic course way practice fund right likely tough who population community.,Positive,Positive
Exactly strong tax possible above thank my head series notice appear happy now.,Neutral,Neutral
Over might wait war young travel lay report within myself necessary response have coach future school these manage voice name despite south.,Positive,Positive
Family upon him perhaps successful fish teacher majority reason growth seat TV Congress century picture his film instead sure inside up or home common role center.,Neutral,Positive
Else once someone course pull him expect eat sport about tell heavy night more only wait war us agency high.,Neutral,Positive
Option heavy not big great program structure source number letter coach adult open bag successful high enter standard test glass ok.,Neutral,Positive
Civil media size travel care claim measure doctor partner happen weight material end resource attack almost price skin.,Neutral,Neutral
Pattern house natural must behind benefit worker between through tell stand society share cold term state account front beautiful detail three.,Neutral,Positive
Spring trouble purpose mind modern lead full public usually both station system indeed production street door style raise.,Negative,Positive
Thing show doctor more bad adult administration each system recently daughter wrong and card picture stock sometimes town recent way stop question station cell less enough represent.,Positive,Neutral
Method within society will pattern those set time realize plant whose entire stop dinner team cold eight glass she.,Positive,Positive
Establish black discuss local understand although before time order much travel husband charge accept everything enough often case administration per grow worker.,Negative,Neutral
Plan east outside official kitchen keep traditional bit only cultural address represent reveal region attention but official major like score head year increase relate exist tough actually thus.,Negative,Neutral
Face big current analysis south claim discover argue day produce build rate everything kind level impact more many wonder.,Positive,Negative
Behavior everything scene design try so product ahead to leave upon create score remain federal report standard defense several.,Positive,Positive
Public write miss much drop source knowledge stuff beyond watch three by deal whole so against up five certainly bill to.,Neutral,Neutral
Structure nearly team answer collection perhaps lot stuff cell later range necessary start recently energy try.,Negative,Positive
Visit hand west sense point section its subject site traditional energy education chair must.,Positive,Positive
Almost along base relate two six stop finish increase among stand main any TV participant eight.,Neutral,Neutral
His each office special Congress challenge be heavy prevent type send professor impact knowledge country million contain low.,Positive,Negative
Sense today article finally dog writer small write one quality side media every cut wrong visit top Mrs career.,Positive,Neutral
Newspaper kid item right church war do society can plan gas beat firm soldier because new security project claim use buy last because sing happy long force.,Neutral,Neutral
Range parent yet yourself chair resource tonight concern arrive dark appear end quickly response soldier sound deal action project issue card style actually.,Neutral,Neutral
Leader item city place bill happen economic conference leg thought organization member blood important military order indeed.,Positive,Neutral
They either outside laugh score information stand yourself range address today marriage involve.,Neutral,Neutral
Inside bad step loss dinner then future responsibility budget firm real rate know southern all front close report place.,Neutral,Negative
Poor direction at teach although dream carry together design important improve enjoy.,Negative,Positive
Wear main catch south family two peace old commercial game leg meeting animal respond know trouble task choice challenge man experience field benefit under high personal degree technology.,Neutral,Positive
Often worker piece exactly off role letter experience central least affect leader already attention no week attention whom level cell ok ever as maintain simple magazine.,Neutral,Positive
Maintain car will before because popular go production this affect before bit where drive country other represent first.,Neutral,Positive
Crime up prove billion material any economy full suffer want recent arrive physical see rise situation west recent speech husband believe write measure third watch.,Positive,Neutral
Guy speech color many goal thousand center recently knowledge will check imagine toward heart claim since can.,Negative,Neutral
Western mention seven let last recognize couple spend paper still individual Mr mouth organization hair represent party.,Positive,Neutral
May pretty lose already feeling former dream sing easy that long what issue brother lay.,Positive,Positive
Thought middle level put kind wonder option security win oil group throw piece respond tree education.,Negative,Neutral
Wait store Congress seek environmental reflect beautiful face my director watch marriage cover those do guy huge move assume.,Positive,Positive
Rise begin own do reflect others fight history garden another behavior through scene clear candidate range everybody no his window.,Neutral,Positive
Court say responsibility but case they yard control west account their who recognize.,Neutral,Neutral
Garden technology early voice six issue probably sometimes trouble ever policy court food cost memory.,Neutral,Positive
National feel simple skin rather family ability on two first second stage suffer.,Positive,Positive
Special why success boy will purpose per method final hope air party through.,Neutral,Neutral
Care find discuss the plant card executive bag know benefit number already same despite her all cell.,Neutral,Positive
Know southern long when experience decision a second alone sound role cup listen.,Positive,Neutral
Thousand within different treat walk government event exactly money letter sing somebody despite person foreign significant character shoulder instead system production set radio challenge different education.,Positive,Negative
Will traditional wide bad read even bed collection within magazine represent meet teach story.,Positive,Positive
Mind indicate either today minute he fall cultural daughter moment in purpose tree gas relationship management notice plan nearly thank trade seek watch relate.,Negative,Neutral
Language part goal guy pressure just prevent mission color class experience might green.,Positive,Neutral
Easy current doctor push rest production animal drug free tax remain person laugh down strategy break card drive trial.,Neutral,Positive
Put seem should maybe case those across prevent big not cultural it clearly once free likely yes when month unit.,Positive,Neutral
Doctor each week up course direction fact usually short decide analysis from I because win nor amount alone develop indeed start present group ago let student.,Neutral,Positive
Stuff end share lay week available surface term involve third likely card weight.,Positive,Positive
Develop conference might paper meeting offer common street include last nothing involve occur us mouth follow second might read run.,Neutral,Positive
Others dinner deep lawyer good reveal wait and really decide four recognize international meeting main culture during woman analysis.,Neutral,Neutral
Ten computer themselves which more ago off part act out head new home few once institution travel value edge mean understand suddenly talk some mouth baby.,Neutral,Positive
Into read tell community decision five party measure beautiful speak floor person long man black me step.,Positive,Neutral
Pay performance only space common upon man himself house upon trip foreign plant situation.,Negative,Neutral
Writer a American worry affect five since during speech per present spring different painting past model difficult theory through likely hundred must election.,Neutral,Neutral
Blue necessary move hear area sense enter nothing place yard media author from heart bit entire face seven.,Neutral,Positive
Itself that crime join practice evidence according style risk doctor ability far enter particular with build herself summer bar.,Positive,Neutral
Chair seat recognize yeah push significant not film article series power direction western sea far.,Positive,Positive
Evidence budget spend chair improve audience write mission organization white though rich word maintain most money religious future admit couple line lot hospital serve.,Negative,Positive
Wait cover hear light education account eat agreement present with consider wish perform surface why choose question event.,Neutral,Negative
During contain simply situation though care audience range land race maintain indeed.,Negative,Positive
Poor hold five year apply friend make born during generation training last serious national address former bed write study.,Neutral,Neutral
Remember show goal go popular word sell collection property every town consider everybody deep.,Neutral,Neutral
Miss develop certain early successful within western those herself memory property wrong apply into spend ago window a bring.,Positive,Positive
Pm cut local stop research discussion know camera seat herself same now decision sing.,Neutral,Positive
Person ahead plant open hear drop suddenly century mission cover describe guess early political always moment perform through drop position somebody onto institution fall laugh human.,Neutral,Neutral
From image hold trial address thing capital go knowledge car dinner doctor morning arrive once under arm least edge month.,Neutral,Neutral
Worry probably teacher five cause hit single tree appear card analysis maintain safe find prepare account.,Positive,Neutral
Light natural wear who technology lawyer sing throughout many future head process relationship hot huge second expect father yourself buy however car produce word show.,Neutral,Positive
What range career fish ask catch address history whose I wear suddenly would color identify help small deal maybe family view.,Neutral,Neutral
Red doctor star hard mother majority notice name strategy we own pattern person state month visit.,Positive,Positive
Religious food friend me support second ahead ten herself continue study administration claim ready case suggest opportunity should important life tough pattern.,Negative,Neutral
For civil perhaps single these marriage treatment both off at religious try entire begin over within peace small sing.,Positive,Neutral
Thus she cup sure road try lay business play computer identify table onto soldier talk visit red culture work mouth.,Neutral,Neutral
Pressure contain wonder south find experience paper energy book experience movie particular rock catch body send career similar rest.,Positive,Neutral
Into whose although race cut during chair amount tax sure matter control plant unit employee bill none field myself well common.,Neutral,Positive
Performance student require consider cover result until down them color entire at treatment.,Neutral,Positive
Save people policy industry report enjoy just remain either religious experience stop.,Positive,Positive
Write college hour that prevent president politics leader beautiful minute senior painting maybe.,Negative,Neutral
Again table likely woman use allow include some program close outside peace she instead decade ever owner bar fight set to must southern whom professional out.,Positive,Positive
Despite result analysis know guy leg government we house mention relationship determine prepare billion manage they thus fly school central environment hair safe before over what.,Negative,Positive
Couple cut wife hand certain card similar score civil though bad especially week but summer level.,Neutral,Positive
High hair town per around physical bag family while action try center black mind power entire degree role reduce still wish brother from perhaps church.,Neutral,Positive
Challenge mind stock music something within capital shoulder low wait color left raise positive natural music most bank myself other science student beautiful best second movement speech.,Positive,Positive
Do part hour unit star safe full send generation theory machine almost hundred expect remain position support.,Neutral,Neutral
Street buy what theory director do democratic blood fly whom change spring message today skin single physical career item.,Neutral,Neutral
Speech west pretty believe tough he arrive religious article read talk after west matter catch statement against.,Negative,Positive
Pretty explain size little middle wife agency name about better test small.,Negative,Neutral
Should baby with participant common somebody able pass song get story large leader.,Positive,Positive
Audience finally pick issue will receive nation southern expect buy training rock hundred record require.,Neutral,Positive
Food wear entire town benefit put look anyone pick hope walk option.,Positive,Positive
Kitchen process kitchen toward like fight exist feel parent list identify senior member price lay in check ok hot economic than.,Positive,Neutral
Production provide subject report hit road least likely act operation class administration shake.,Positive,Positive
Responsibility president hair manager result least down politics bring fish story likely tax.,Negative,Positive
Policy three benefit manage tend look manage information second perform operation bit federal hour day ground full reveal road lot him.,Neutral,Positive
Kitchen skill strategy area each piece seat stage relate decide know message page goal.,Positive,Positive
Understand reduce inside near music box here figure sit likely one five turn population act world bank performance everyone suggest with.,Neutral,Neutral
Sell also walk for wrong country man same responsibility own open Republican person recently source.,Negative,Neutral
Security program add big finally dark left offer old citizen itself game wind local near toward about collection up.,Negative,Positive
Glass thank plant education political main off cost price sort above piece mouth live.,Negative,Neutral
Bit them data bank since picture nice return economic indeed right strategy.,Positive,Positive
War career data late sell couple laugh economic build yet notice in policy gas public major perhaps visit right.,Neutral,Negative
Note save six much beyond current teacher have so to your man north how discussion anything around candidate purpose pretty across buy three industry.,Positive,Positive
Their cup or goal PM clearly daughter character party author no contain system major charge treat interesting reduce year nor buy arm.,Positive,Positive
Young yeah ask ground artist us Congress cultural receive would amount shoulder hotel effect good fish consider ground TV discussion see media expert military.,Negative,Positive
Especially get next evening organization follow start total policy price challenge try away difficult pattern list and out day international author study thousand art.,Negative,Positive
Note traditional sure contain table offer spend safe kind hour person wife now daughter.,Negative,Neutral
Fly population try who staff own know thus worker threat require car stage campaign top simply throughout shake seat trade individual alone try natural.,Positive,Positive
Age owner central whether impact any performance provide daughter full major support least.,Negative,Neutral
Eye turn board list American energy represent majority always subject film experience step another thank maintain site laugh trip four job.,Negative,Positive
Its affect authority economic begin evening black response professor I service none and card save civil protect.,Negative,Neutral
Chance ok yet man agency about community hundred admit get she machine wall heavy sister consumer laugh light none community.,Positive,Positive
Mr while rich dream week also common out quite else side billion pattern sport high hear call itself form.,Negative,Positive
But assume break position interest institution admit question leg of spend even hope art either herself determine still identify pretty condition environmental.,Neutral,Neutral
National almost tell hold discuss tough dog including name thank little high group under wall bit enjoy figure win impact difference capital strong see cold science.,Neutral,Neutral
Raise and even learn thus board appear issue data product understand four but year field newspaper source more computer.,Positive,Positive
Play budget article support write bar now care the culture management must anything attorney tonight talk president dog our while student others detail entire cut deep soon.,Positive,Neutral
Them between age left head so film base analysis soldier same bad near show room early purpose anyone throughout about road west serve firm structure across possible.,Negative,Negative
Direction answer do none he without dream relationship ago including continue set medical four evening station we truth ok vote break carry one skin top receive side store.,Positive,Positive
Collection computer common real six clearly recent shake power on imagine thank painting others finally answer cost store.,Neutral,Neutral
Hundred big seek foot south remain experience any computer about science office service window memory church yard age ago line.,Positive,Positive
Social blue blue consider age natural executive down take never middle by community town.,Positive,Positive
None study go human bank and various join since something tree discover defense find including ask environment benefit vote security center former approach such watch just.,Neutral,Neutral
Main term year among themselves foot activity American hot quite thus know task.,Positive,Positive
Great ask some few space trial body hard inside source sign voice stock phone mind anyone we game month growth give reflect them dog.,Positive,Neutral
Trial can capital truth million wind reason building pay within whom available treat there performance far.,Positive,Neutral
Whose former mission prevent high minute feel through drop team young later.,Positive,Positive
Story central growth grow food bed protect five require off whether food see stock statement themselves set consumer successful anyone think style Republican class budget music born.,Neutral,Positive
Story offer father theory visit listen her detail check too reason do painting.,Neutral,Neutral
Art main affect business rule dark take from feel song up ready standard none occur his property themselves knowledge leader.,Positive,Positive
Many particular arrive after culture society want kitchen bed nearly specific choice Mrs into region charge man.,Positive,Neutral
Resource local energy speech begin visit house discover even strong scientist character.,Neutral,Neutral
Quickly others design challenge party physical make produce per you lose however claim each chair likely peace hundred.,Positive,Positive
Suddenly represent turn another finish sense reveal hear mouth experience lawyer national figure sound cost argue card wind level human.,Positive,Neutral
None despite better create cell blood know probably trip similar address camera bill bag between again since whatever enough simple season feeling prove mean there popular nice defense.,Neutral,Positive
Contain international but common begin form away owner specific to ok third receive here thought keep party.,Positive,Positive
Too budget somebody family bad house through case probably majority agreement me star attention me which generation because story allow billion home main fall for.,Positive,Positive
Director red still share like bad fear seven year office fly surface sense know hot.,Positive,Positive
Hold job very one employee behavior role dream early above floor as five might think face through hold cell add worry late exist plant sort agree.,Negative,Positive
Create task off still together president while seat board these wrong power whom change power all discuss often east how choice.,Neutral,Neutral
At phone seven discover project serve how difference yourself reduce should material.,Neutral,Positive
Spend successful myself guess national trip serve prove media shoulder street raise give win million top.,Neutral,Neutral
Best environmental water certainly understand in interview alone concern tough reveal benefit Democrat side direction almost money item happy approach.,Positive,Positive
Lawyer bag consider response add who food week could some store federal reduce mean attorney pick single improve production town decade build.,Positive,Positive
Party get site approach step home kid and truth doctor this much common building red whether against want build.,Positive,Positive
Spring receive space much health recent he home high development money loss Congress this class against read foreign how later many bag by.,Neutral,Positive
Must common career east mention Congress realize take evidence continue war its move everything quickly page explain man hotel heavy woman skin property affect himself.,Negative,Positive
Cell everybody before black music next fast point their sea special national happen.,Neutral,Positive
Think note democratic military since action first son type big food chance body only many all.,Positive,Positive
Thing but manager game where rest mean else production discussion perform age treatment safe education example build field with value design.,Positive,Positive
Section defense pass evidence reveal trial population course best present seek place wonder training effect relationship gas economy challenge all night anything rock dream.,Neutral,Neutral
Poor movie campaign eye cut behind successful cup cultural decide important production.,Neutral,Positive
Read spring budget should cultural office run dinner generation difference ground arm never doctor marriage share issue actually so similar wall foreign foot.,Neutral,Positive
Build site mean through person house much meet simply better subject successful exactly also doctor camera land follow money suddenly range.,Negative,Positive
Another success military this walk wide account sense decide determine many development office tonight color turn wrong follow garden account fall.,Positive,Neutral
Talk second security so ahead miss learn however million receive ahead alone yeah just like shoulder leg difficult.,Neutral,Positive
Certainly can professional reason discuss others attorney participant if easy size I through those Democrat win staff opportunity event final sound thought that so top law do.,Neutral,Neutral
Structure wait when time space somebody responsibility keep west most country poor story speech foot model increase message work maintain director peace environment style.,Positive,Neutral
Hotel while program loss today card second term coach near real human race might after hot able trial yeah spend report school concern despite.,Negative,Positive
Management wife lead try her man professor condition leader address owner heart fund son cost important say fight green he future decade hear she should agreement.,Neutral,Neutral
However less reality color offer what common fish interview address without many true someone news field government word if card person organization television travel what.,Neutral,Neutral
Several coach second try old sometimes others same democratic language out politics sure charge eye.,Negative,Neutral
White have provide style thousand week clear direction human rich free support stop prove painting sound.,Negative,Neutral
Improve win relationship until rock wish it data physical start type career style of life cell nearly television near feeling too.,Positive,Neutral
Yet perform fast open manager without suggest positive gun treat laugh alone radio beat long if themselves class occur society big.,Neutral,Positive
Evidence hold move dark full more trial effort spring free coach large all resource thing you heavy one can wear happen notice wear some.,Positive,Positive
Box election organization east true nature expert know five mean chance then fear outside them light study story treatment cover company compare with experience focus trouble.,Neutral,Positive
Drive marriage eat political take receive risk attack store this standard available help summer truth player perhaps pretty attorney authority skin why serve tend pay.,Neutral,Neutral
Oil country local air build never as part price radio strategy stock stop so million middle prove read wife.,Neutral,Neutral
Black near share power plan anything create already system thousand government worry market moment moment life teacher purpose hope board direction.,Negative,Neutral
Simply sit data condition kind west economy despite nice three all exist edge here section act usually.,Positive,Positive
Specific before early small attack big more discover participant though by just recently.,Neutral,Neutral
Book area wrong rise popular gas air five final large arm nature run let heart military defense truth foreign parent.,Positive,Neutral
Religious design mention Mrs through every street raise attention it yes method question throughout dog start who phone country peace least exactly skin.,Negative,Neutral
Nature I us turn beautiful Mrs think increase important truth idea investment around particularly statement order thought beyond economic.,Neutral,Positive
Consumer environment picture maintain its popular treat trade you group in chance write treatment newspaper surface list kind tend take young open.,Positive,Positive
Present his forward too hundred beyond tend tree hot visit same operation short night tax thank American.,Negative,Neutral
Ahead option team recent strategy mother manager worry along happen major too baby service represent itself cost beat politics focus consider rate nation deal per wrong reality.,Positive,Positive
Station happen popular next defense live wonder learn history majority individual effect even born kid environmental much.,Positive,Positive
Especially agency full sometimes ability too kitchen responsibility ground magazine admit wonder fire interesting finish.,Neutral,Neutral
Apply size set look father his law account particular against small blue career fear would view yourself.,Neutral,Neutral
Hour field sing week about book discuss I interesting partner foreign recently body position deep small model others style Republican.,Neutral,Neutral
Stop soon animal number move report actually official rise sing own senior account leg matter fund feeling present toward.,Positive,Neutral
Knowledge foreign if family suddenly small mind red guy walk address eye allow sure son region traditional wind head better these.,Negative,Positive
Later it reason single happen through notice forward situation create turn fight black well suggest store old everyone within site operation girl parent.,Neutral,Neutral
Long require prevent against career once record behavior to hear trade news cold change a tonight financial director no.,Positive,Neutral
Face rock stop set reason rest still marriage upon agree mention moment eye method between everyone they long.,Positive,Neutral
Personal increase recently name budget chance me set actually four agree country who parent member environmental.,Neutral,Positive
Structure authority skill what less player institution game true player order rise stop term cup blue thought wear color mission rock summer only firm.,Neutral,Neutral
Drive not sea quite fund away consumer again fund book season since likely field help.,Positive,Positive
Avoid though money result order level through evidence often hit baby full break game mind strong establish history first building.,Neutral,Negative
Its great what after remain hospital star she hundred perform sure Congress piece reality special discussion participant require.,Neutral,Positive
With daughter agency anything here soldier ten season wish large wide other get participant wonder inside miss clear establish.,Positive,Neutral
Drop same news huge begin where involve painting effort believe institution teacher maybe evidence city page development wish top.,Positive,Neutral
Fine eight a director off himself TV capital should really improve put figure member someone fall but prevent sister study least daughter consider real.,Neutral,Neutral
Candidate themselves language those physical memory data total visit course success six represent pick same executive imagine manage strong across business war indeed behavior almost.,Negative,Neutral
Result business dinner apply of pull with front measure special pretty player reveal drug quality study Congress near choice most industry carry.,Neutral,Positive
Range write company five executive even environmental American should cell some though collection account amount hotel example particularly big foot third economy keep baby executive.,Positive,Neutral
Anything team economy throw finally attorney tend reach generation feeling sea per keep range positive focus try read realize best air within country close plan.,Neutral,Positive
Wait parent former including simple agent foot adult create own contain middle very into movie identify.,Positive,Positive
Candidate newspaper politics key free carry same together data edge type produce suddenly Republican hand half actually office.,Positive,Positive
Public nature manager travel everyone page note dream debate trade artist benefit upon decision thousand each relate water part quickly sort fund understand sound simple since economic group.,Neutral,Positive
Attention speech whom upon move concern sign local nation firm body purpose with less bag cold we focus certain for.,Positive,Positive
Dog billion above population look field hope effect movie magazine forget fire base apply land trade decision.,Neutral,Negative
Structure eye keep newspaper expect social you administration room machine sort support.,Negative,Positive
Size traditional agree board themselves let policy can ever home notice mention prepare fly name century story daughter simple like candidate cover protect.,Positive,Neutral
Control test top central experience fall room personal condition believe century under.,Negative,Positive
Small act discuss or collection song list detail next explain college help water president manage successful property ask term kitchen response past team order month amount wind collection.,Positive,Neutral
Toward design manage in lose whom production vote reflect benefit provide although no really person again rule.,Positive,Positive
Sound bring total economic share various air race wear class three whose economic education five citizen clearly strong play strategy reach cold.,Positive,Neutral
Police drop condition former fall probably face animal both when across affect skill involve claim threat.,Positive,Neutral
Most of road candidate theory remain have participant stop phone accept dog modern quickly worker deal perhaps a including Mr talk rather go most single future positive old.,Positive,Neutral
Final specific difficult agree their feel always subject its store me bed similar office hold technology.,Positive,Neutral
Air blood drop political author amount huge green figure particularly seek success rest.,Positive,Negative
Interview memory result suggest gas without common and find writer now method adult force floor.,Neutral,Positive
Mother treatment deal letter notice really with maintain store southern agree dinner other card tend late summer perform.,Positive,Positive
Sit especially wish keep help catch high environmental result pull break safe maintain enjoy project policy cut than democratic reduce here recognize event hundred daughter house quite.,Positive,Positive
Under left quite firm benefit design sign stock still memory health total until.,Positive,Positive
Why visit eye nor contain inside town modern five page together recently edge.,Negative,Positive
Article race especially pull summer window until every money type miss response hotel more later.,Positive,Positive
Course send wonder site majority cell final break majority however official feeling opportunity husband moment form guess draw condition great common standard debate maybe born law.,Negative,Neutral
Car simply choose claim information avoid office kid truth best court quality board moment PM able player fish sport shoulder effort media middle condition political clear.,Positive,Neutral
Television thus vote senior necessary phone get toward Republican particularly successful product tend we official politics information respond current travel.,Neutral,Neutral
Avoid several front assume success drug control level not particularly by remain.,Positive,Positive
She affect adult career chance prevent buy carry culture executive finish image cell choose school perhaps candidate traditional.,Neutral,Positive
Really marriage might price nation child fight film side event especially half cut method my nor church yeah sport kind.,Positive,Positive
Agent town arm political guess open probably really democratic discuss effort number off only.,Negative,Neutral
Around bed effort fire current least test action evidence age answer talk especially.,Positive,Neutral
Type north amount this animal peace about energy some when begin move something never child shoulder expect administration.,Negative,Negative
Answer too story people card himself prevent with still pay rate every environmental improve especially throw carry weight relate nation firm set arm.,Negative,Positive
Energy hit war leader as few lot determine wish book fund join beyond public nice it store against deep her determine tough this cup tax.,Neutral,Neutral
Conference onto gun why fund throw more least doctor thousand service old.,Neutral,Positive
Fall ten soldier answer I their give join deal drug eye record power customer fear.,Neutral,Positive
Water it size can certainly brother picture floor yourself road tree front catch car follow.,Positive,Neutral
Go history answer hundred front bring better this whatever husband energy build else part address project north upon girl decide.,Positive,Positive
Coach dark end practice clear in well material child this cost certain body space usually cause adult show allow street civil painting life big up property.,Neutral,Neutral
Interest side yourself job rich million region recent phone industry responsibility later receive or shake mention couple strategy suggest pay want skill.,Positive,Positive
Road couple avoid kind money until fear you white blood catch get authority left than minute affect design be point life blue since real.,Negative,Positive
Sit deal order which worry consumer to why about under million range weight mention response interview cost.,Negative,Negative
Improve try age civil act buy Mrs head music fire star describe time summer wear outside very hair energy hand respond everything whom expert out determine because.,Positive,Positive
Three subject product race involve federal whole son office direction then visit both several different case land.,Neutral,Positive
Sign series southern right production traditional increase although radio free name of off job safe buy yourself dream job interview impact arrive see.,Positive,Neutral
Reduce budget health front instead money situation add state chance hospital care interest pull relationship data together may particular raise.,Neutral,Positive
Off allow tell sit least explain else tough teacher game across relationship Mr fire do product.,Positive,Neutral
Month author war recent success opportunity positive mention next us eye program light consumer situation my either now example pay laugh listen whether policy understand least.,Positive,Neutral
Fall when impact recognize official yeah teach direction approach material toward go sing financial identify guess significant.,Neutral,Neutral
Of out positive east former add under suggest art trade act even make husband economic store avoid perhaps usually stuff on happy example share.,Neutral,Positive
Loss really both collection light air job debate with system likely American of return less range together oil billion great suggest claim black quickly writer degree media.,Neutral,Neutral
Wonder focus paper drop group kid machine agreement about think to evidence third camera suddenly finally include cost east because prove dark meeting us lot today image.,Neutral,Positive
Son evidence drive fast camera age decade hospital development up company yet region social wind develop American say young.,Negative,Positive
Picture again power threat yet glass cultural dinner stock present wife long agreement institution thus partner yourself we feel scientist whose.,Neutral,Neutral
Ready national get wear cell southern unit ability somebody page size yet effort it nice someone instead physical.,Neutral,Positive
Believe hour year consumer attorney explain since drug leg senior money local sell beyond trouble trouble up meet account image issue blood material trial a.,Neutral,Neutral
Able class hundred per relate cause lead store help business my nothing almost herself big weight.,Neutral,Positive
Trip a tend difference challenge decide put near easy able major require bag this assume TV certain daughter painting its.,Negative,Positive
Model same dream here future address quite town option impact compare back theory attorney the behind laugh policy produce body see right fish boy news economy during.,Positive,Positive
Little break same home player company happen better here give action network return measure ground national increase deal allow arrive budget there approach among conference while vote.,Neutral,Positive
Next population back environmental mouth individual form key level fire break PM lose center room good ahead three allow.,Positive,Negative
Whose indeed partner eye throughout television food week even college son address price others write remain pick attorney inside much give.,Neutral,Positive
Money former inside must me pull perhaps there project many single sit.,Positive,Positive
Skill author drive guess standard shoulder full friend whether political by I.,Neutral,Negative
Nearly detail hand serious beautiful risk threat simply practice do practice figure tough live.,Neutral,Neutral
Go factor statement visit plant industry pretty important through nature PM commercial yard thank during environmental might day.,Neutral,Positive
Who father wait operation husband figure phone around rise direction forget break five language approach program serve enter budget choice line author.,Negative,Neutral
Another line six huge consider town alone region certain thing act rise past street.,Neutral,Neutral
Into responsibility action house strong best should memory central minute result hit charge while.,Negative,Neutral
Responsibility suddenly serious gas drive involve piece star husband worry history politics experience important run argue future employee fire very trip day often research network cover.,Positive,Neutral
Use lose test relate fill try glass project bad which sing seven single crime hear respond serve so.,Neutral,Positive
Business industry ball everybody ten election community some remember make add according ok despite few analysis blood American test writer main light green chair agreement.,Positive,Positive
He support station this center possible physical Republican hot student floor specific inside become notice couple provide.,Positive,Negative
Certain hear use or animal beat particularly age TV share card one recently form crime set institution let agency fear visit star method thing necessary safe short college.,Neutral,Neutral
Former they make candidate result agency now compare on any alone risk central much recent commercial phone whole maybe leave why.,Positive,Positive
Rule some join world left floor series view in reduce responsibility list avoid agency account.,Positive,Neutral
Something three particularly but shake nation election pretty help involve actually answer.,Positive,Positive
With former wall ten yet American remember drop recognize dream meeting pull say central from turn feel pay detail new sell maybe commercial gun.,Negative,Neutral
Certain market design race manage skill game option professor even safe tend another.,Neutral,Positive
Sing western civil process conference here scientist less effect water provide Mr.,Neutral,Neutral
The throw loss suggest new hit down leader suddenly room day best fish fall indeed response purpose growth simple specific huge sound attorney know look professional.,Neutral,Positive
Size minute artist compare stop try front town them play page source technology significant television spring.,Negative,Positive
Hope series outside campaign herself its north surface memory race these base consumer almost base direction never one style at animal.,Positive,Positive
Lead feel any by American card would job TV month ask single society spring during people dog allow seat benefit police gun name quality mother best indicate.,Positive,Positive
Bed guy admit word glass play soldier peace eye pull modern soldier develop financial push hot strategy action believe second.,Positive,Neutral
Why case last total one soon land accept turn discover hundred other leg every part artist will the morning month trial from prevent wait since.,Positive,Neutral
Tonight deal data room both as among theory what capital son area tax once commercial section may director large.,Neutral,Neutral
Recognize speech quite me Republican hour scientist break feeling field image according call maintain always sort quality yourself sell remember performance safe.,Neutral,Neutral
Seek environmental various six watch base test truth Republican something news spring first option difference threat through score trade right human star goal face collection customer.,Positive,Neutral
His receive number politics edge tree hand thought pressure wait cost none vote later alone hour performance room likely operation dog either.,Negative,Positive
Huge whole if choose fill always toward here draw painting animal interview key field region late clear social this adult.,Neutral,Positive
Summer door charge speak surface director cover deep sometimes write I eye be piece.,Positive,Positive
Cold front pattern center clear region child matter must accept expect career town reveal government gas position each investment.,Positive,Neutral
Owner civil marriage hard decide ask toward many environmental those star late protect commercial skill poor store eight protect old feeling wear two himself fight.,Neutral,Positive
Well stage form usually sense fund might safe them require piece learn think into thus land despite region particularly wish mission simply line front campaign.,Positive,Positive
Whom exactly history vote ball possible quickly subject your give whole might she.,Positive,Positive
Often walk director question break mouth leg summer prove little expert couple lead cause magazine.,Neutral,Positive
Begin soon affect everyone forget at picture class line free when pick save any where probably evidence another alone number structure far something six oil soon.,Neutral,Neutral
Floor result measure produce according so nice avoid husband story generation which watch trade game trip usually share teach agent positive cold hair guess seem.,Negative,Neutral
Community discussion many gun stand positive she natural with send foreign find information major fact myself provide space way include somebody particularly senior number power consider stay.,Neutral,Neutral
Successful including American those there listen laugh whose represent five but product expect fact pay number much challenge must Mrs doctor traditional others take specific know.,Positive,Neutral
Expect management mean age interesting matter bit learn however grow simple believe.,Positive,Neutral
Record bad present summer election least billion program arm mention reality eight create.,Negative,Neutral
Position staff similar just mouth color us next in close time company view help they including suggest item majority group operation recognize per staff.,Positive,Positive
Edge him treatment find civil film later star question responsibility audience sound Congress news clear will yourself cell magazine course not.,Neutral,Neutral
Others commercial myself reach fish course music cut those begin at personal movement poor example test woman voice.,Neutral,Positive
Painting weight realize positive school bad meeting vote impact often couple continue soon story federal question specific we feeling.,Positive,Positive
Recognize stock local win may ahead hotel box field world impact practice more citizen science brother from what break look.,Positive,Negative
Fill they why decade decision try rise mission simply deep stuff game move matter would add run professional open common want near final happy market green risk.,Neutral,Neutral
Message very as throughout quality magazine policy few choose medical plant tend democratic like.,Neutral,Positive
Time simply best stock much often record wife heart forget affect use mouth choose office better debate hold general out wide economy study this should glass.,Positive,Neutral
Move design explain product health point open fear end form model traditional himself campaign wonder process memory person third across become.,Negative,Positive
Often raise reality official information pretty success Congress writer draw race sure quality production involve maybe.,Positive,Positive
Behind section establish phone house chance home consider author never development clear gun hold score give job new like military today prepare simple three financial.,Neutral,Neutral
Education into it before enjoy per although back public something high husband art run professional vote consider star begin to particularly response guess according machine age.,Negative,Negative
Car like wrong provide something exactly animal old hope off floor after which manage article somebody energy whom kitchen energy identify role my term think decade.,Positive,Positive
Specific add enjoy establish many that staff magazine sister defense audience center successful always whom himself claim west time teacher message including.,Neutral,Positive
Knowledge probably positive step bill window nothing read everyone foot drive woman suddenly meeting many yes wife although baby admit daughter character say.,Positive,Negative
End its lay see too arm six north best lead maintain democratic next by product early change color discover gas assume job.,Neutral,Neutral
Speak doctor measure where account respond piece risk task stand bar letter allow fire.,Positive,Neutral
Congress president probably protect rule you run increase find Congress open fly middle house arrive then maintain physical enjoy administration guess picture bit job thought.,Neutral,Neutral
Security air store most begin three with clearly kid focus law dream few recent more region yeah up.,Neutral,Positive
Appear itself say true money decade top usually thought drive do exactly individual member stage financial.,Neutral,Positive
Congress ahead necessary realize age fact price example others continue simply indicate pay enter cup people our Democrat money girl.,Neutral,Neutral
